poll_id,pollster_id,pollster,sponsor_ids,sponsors,display_name,pollster_rating_id,pollster_rating_name,numeric_grade,pollscore,methodology,transparency_score,state,start_date,end_date,sponsor_candidate_id,sponsor_candidate,sponsor_candidate_party,question_id,sample_size,population,subpopulation,population_full,tracking,created_at,notes,url,source,internal,partisan,yes,no,alternate_answers
87363,568,YouGov,352,Economist,YouGov,391,YouGov,2.9,-1.1,Online Panel,9.0,,7/7/24,7/9/24,,"",,202533,1620,a,,a,,7/10/24 10:16,"",https://d3nkl3psvxxpe9.cloudfront.net/documents/econtoplines_fWHOrrW.pdf,"",,,11.0,62.0,27.0
87363,568,YouGov,352,Economist,YouGov,391,YouGov,2.9,-1.1,Online Panel,9.0,,7/7/24,7/9/24,,"",,202534,1443,rv,,rv,,7/10/24 10:16,"",https://d3nkl3psvxxpe9.cloudfront.net/documents/econTabReport_RptTnGc.pdf,"",,,12.0,67.0,21.0
87300,568,YouGov,352,Economist,YouGov,391,YouGov,2.9,-1.1,Online Panel,9.0,,6/30/24,7/2/24,,"",,201989,1608,a,,a,,7/3/24 09:41,"",https://d3nkl3psvxxpe9.cloudfront.net/documents/econtoplines_1ZQDEgl.pdf,"",,,13.0,61.0,27.0
87300,568,YouGov,352,Economist,YouGov,391,YouGov,2.9,-1.1,Online Panel,9.0,,6/30/24,7/2/24,,"",,201990,1392,rv,,rv,,7/3/24 09:41,"",https://d3nkl3psvxxpe9.cloudfront.net/documents/econTabReport_xTDr4ON.pdf,"",,,13.0,66.0,21.0
87286,1797,HarrisX/Harris Poll,763,Harvard CAPS,HarrisX/Harris Poll,133,Harris Insights & Analytics,1.6,-0.1,Online Panel,7.0,,6/28/24,6/30/24,,"",,201841,2090,rv,,rv,,7/1/24 22:12,"",https://harvardharrispoll.com/wp-content/uploads/2024/07/HHP_June2024_KeyResults.pdf,"",,,26.0,62.0,11.0
87304,1416,HarrisX,2097,Forbes,HarrisX,133,Harris Insights & Analytics,1.6,-0.1,Online Panel,6.0,,6/28/24,6/30/24,,"",,202027,1500,rv,,rv,,7/3/24 20:42,"",https://www.harrisx.com/posts/voters-speak-the-winner-of-the-first-presidential-debate-is-trump,"",,,31.0,61.0,8.0
87244,568,YouGov,352,Economist,YouGov,391,YouGov,2.9,-1.1,Online Panel,9.0,,6/23/24,6/25/24,,"",,201428,1599,a,,a,,6/26/24 10:46,"",https://d3nkl3psvxxpe9.cloudfront.net/documents/econtoplines_8Xhha4w.pdf,"",,,13.0,60.0,28.0
87244,568,YouGov,352,Economist,YouGov,391,YouGov,2.9,-1.1,Online Panel,9.0,,6/23/24,6/25/24,,"",,201429,1406,rv,,rv,,6/26/24 10:46,"",https://d3nkl3psvxxpe9.cloudfront.net/documents/econTabReport_DqmBE9q.pdf,"",,,14.0,64.0,21.0
87378,921,Clarity,"","",Clarity Campaign Labs,52,Clarity Campaign Labs,1.6,-0.2,Online Panel,1.0,,6/13/24,6/20/24,,"",,202760,1002,lv,,lv,,7/12/24 10:03,"",https://static1.squarespace.com/static/61ae8d5e55be5c7314b4c83a/t/66904c24ca9c6127f7534771/1720732709774/%5BALL%5D+Clarity+Omnibus+Overview+-+June+2024.pdf,"",,,21.0,61.0,17.0
87204,568,YouGov,352,Economist,YouGov,391,YouGov,2.9,-1.1,Online Panel,9.0,,6/16/24,6/18/24,,"",,201215,1600,a,,a,,6/20/24 09:33,"",https://d3nkl3psvxxpe9.cloudfront.net/documents/econtoplines_hoa7Ul9.pdf,"",,,13.0,59.0,27.0
87204,568,YouGov,352,Economist,YouGov,391,YouGov,2.9,-1.1,Online Panel,9.0,,6/16/24,6/18/24,,"",,201216,1396,rv,,rv,,6/20/24 09:33,"",https://d3nkl3psvxxpe9.cloudfront.net/documents/econTabReport_BAWCOh6.pdf,"",,,16.0,64.0,20.0
87150,568,YouGov,352,Economist,YouGov,391,YouGov,2.9,-1.1,Online Panel,9.0,,6/9/24,6/11/24,,"",,200748,1595,a,,a,,6/12/24 10:54,"",https://d3nkl3psvxxpe9.cloudfront.net/documents/econtoplines_MbPLbQp.pdf,"",,,13.0,58.0,29.0
87150,568,YouGov,352,Economist,YouGov,391,YouGov,2.9,-1.1,Online Panel,9.0,,6/9/24,6/11/24,,"",,200749,1399,rv,,rv,,6/12/24 10:54,"",https://d3nkl3psvxxpe9.cloudfront.net/documents/econTabReport_maqVHQt.pdf,"",,,13.0,65.0,21.0
87154,320,Monmouth,"","",Monmouth University Polling Institute,215,Monmouth University Polling Institute,2.9,-0.9,Live Phone,9.0,,6/6/24,6/10/24,,"",,200810,1106,a,,a,,6/12/24 11:26,"",https://www.monmouth.edu/polling-institute/reports/MonmouthPoll_US_061224/,"",,,14.0,82.0,4.0
87154,320,Monmouth,"","",Monmouth University Polling Institute,215,Monmouth University Polling Institute,2.9,-0.9,Live Phone,9.0,,6/6/24,6/10/24,,"",,200811,1034,rv,,rv,,6/12/24 11:26,"",https://www.monmouth.edu/polling-institute/reports/MonmouthPoll_US_061224/,"",,,14.0,82.0,4.0
87102,568,YouGov,352,Economist,YouGov,391,YouGov,2.9,-1.1,Online Panel,9.0,,6/2/24,6/4/24,,"",,200442,1766,a,,a,,6/5/24 10:14,"",https://d3nkl3psvxxpe9.cloudfront.net/documents/econtoplines_x5cabBL.pdf,"",,,12.0,59.0,29.0
87102,568,YouGov,352,Economist,YouGov,391,YouGov,2.9,-1.1,Online Panel,9.0,,6/2/24,6/4/24,,"",,200443,1566,rv,,rv,,6/5/24 10:14,"",https://d3nkl3psvxxpe9.cloudfront.net/documents/econTabReport_b6cGJcE.pdf,"",,,12.0,66.0,22.0
87149,217,High Point University,"","",High Point University Survey Research Center,139,High Point University Survey Research Center,2.5,-0.4,Online Panel,8.0,,5/22/24,5/29/24,,"",,200732,1000,a,,a,,6/11/24 19:09,"",https://www.highpoint.edu/src/files/2023/08/104memo.pdf,"",,,23.0,60.0,17.0
87149,217,High Point University,"","",High Point University Survey Research Center,139,High Point University Survey Research Center,2.5,-0.4,Online Panel,8.0,,5/22/24,5/29/24,,"",,200733,850,rv,,rv,,6/11/24 19:09,"",https://www.highpoint.edu/src/files/2023/08/104memo.pdf,"",,,25.0,61.0,14.0
87051,568,YouGov,352,Economist,YouGov,391,YouGov,2.9,-1.1,Online Panel,9.0,,5/25/24,5/28/24,,"",,200180,1748,a,,a,,5/29/24 10:05,"",https://d3nkl3psvxxpe9.cloudfront.net/documents/econtoplines_pqZR1wO.pdf,"",,,11.0,61.0,27.0
87051,568,YouGov,352,Economist,YouGov,391,YouGov,2.9,-1.1,Online Panel,9.0,,5/25/24,5/28/24,,"",,200181,1547,rv,,rv,,5/29/24 10:05,"",https://d3nkl3psvxxpe9.cloudfront.net/documents/econTabReport_5ePXwWM.pdf,"",,,11.0,66.0,23.0
87046,169,Gallup,"","",Gallup,112,Gallup,2.5,-0.4,Live Phone,10.0,,5/1/24,5/23/24,,"",,200124,1024,a,,a,,5/28/24 20:17,"",https://news.gallup.com/poll/645413/biden-congress-approval-ratings-persistently-low.aspx?utm_source=alert&utm_medium=email&utm_content=morelink&utm_campaign=syndication,"",,,13.0,81.0,6.0
86985,568,YouGov,352,Economist,YouGov,391,YouGov,2.9,-1.1,Online Panel,9.0,,5/19/24,5/21/24,,"",,199574,1784,a,,a,,5/22/24 11:37,"",https://d3nkl3psvxxpe9.cloudfront.net/documents/econtoplines_s4KUtSf.pdf,"",,,11.0,62.0,27.0
86985,568,YouGov,352,Economist,YouGov,391,YouGov,2.9,-1.1,Online Panel,9.0,,5/19/24,5/21/24,,"",,199575,1560,rv,,rv,,5/22/24 11:37,"",https://d3nkl3psvxxpe9.cloudfront.net/documents/econTabReport_9aJ08Ik.pdf,"",,,13.0,66.0,22.0
86984,1697,Bullfinch,"","",The Bullfinch Group,692,The Bullfinch Group,,,Online Panel,4.0,,5/16/24,5/21/24,,"",,199519,1200,a,,a,,5/21/24 16:43,"",https://www.thebullfinchgroup.com/post/public-release-of-bullfinch-q2-nationwide-survey-2,"",,,27.0,62.0,11.0
86984,1697,Bullfinch,"","",The Bullfinch Group,692,The Bullfinch Group,,,Online Panel,4.0,,5/16/24,5/21/24,,"",,199520,1000,rv,,rv,,5/21/24 16:43,"",https://www.thebullfinchgroup.com/post/public-release-of-bullfinch-q2-nationwide-survey-2,"",,,27.0,63.0,10.0
86967,1797,HarrisX/Harris Poll,763,Harvard CAPS,HarrisX/Harris Poll,133,Harris Insights & Analytics,1.6,-0.1,Online Panel,7.0,,5/15/24,5/16/24,,"",,199426,1660,rv,,rv,,5/20/24 12:36,"",https://harvardharrispoll.com/wp-content/uploads/2024/05/HHP_May2024_KeyResults.pdf,"",,,32.0,61.0,7.0
86995,1075,Marquette Law School,"","",Marquette University Law School,195,Marquette University Law School,3.0,-1.0,Probability Panel,10.0,,5/6/24,5/15/24,,"",,199796,902,rv,,rv,,5/23/24 09:42,"",https://law.marquette.edu/poll/2024/05/23/detailed-results-of-the-marquette-law-school-supreme-court-poll-may-6-15-2024-2/,"",,,27.0,73.0,0
86995,1075,Marquette Law School,"","",Marquette University Law School,195,Marquette University Law School,3.0,-1.0,Probability Panel,10.0,,5/6/24,5/15/24,,"",,199797,684,lv,,lv,,5/23/24 09:42,"",https://law.marquette.edu/poll/2024/05/23/detailed-results-of-the-marquette-law-school-supreme-court-poll-may-6-15-2024-2/,"",,,27.0,73.0,0
86949,568,YouGov,352,Economist,YouGov,391,YouGov,2.9,-1.1,Online Panel,9.0,,5/12/24,5/14/24,,"",,199051,1830,a,,a,,5/15/24 10:27,"",https://d3nkl3psvxxpe9.cloudfront.net/documents/econtoplines_eJHOoqw.pdf,"",,,13.0,64.0,23.0
86949,568,YouGov,352,Economist,YouGov,391,YouGov,2.9,-1.1,Online Panel,9.0,,5/12/24,5/14/24,,"",,199052,1586,rv,,rv,,5/15/24 10:27,"",https://d3nkl3psvxxpe9.cloudfront.net/documents/econTabReport_nURRSN3.pdf,"",,,13.0,68.0,19.0
87128,921,Clarity,"","",Clarity Campaign Labs,52,Clarity Campaign Labs,1.6,-0.2,Online Panel,1.0,,4/29/24,5/8/24,,"",,200634,1076,rv,,rv,,6/7/24 13:19,"",https://static1.squarespace.com/static/61ae8d5e55be5c7314b4c83a/t/66631e285625963c4d18a28b/1717771816980/%5BALL%5D+Clarity+Omnibus+Overview+-+April_May+2024.pdf,"",,,21.0,62.0,17.0
86876,568,YouGov,352,Economist,YouGov,391,YouGov,2.9,-1.1,Online Panel,9.0,,5/5/24,5/7/24,,"",,198563,1813,a,,a,,5/8/24 10:56,"",https://d3nkl3psvxxpe9.cloudfront.net/documents/econTabReport_Agwhapd.pdf,"",,,12.0,61.0,26.0
86876,568,YouGov,352,Economist,YouGov,391,YouGov,2.9,-1.1,Online Panel,9.0,,5/5/24,5/7/24,,"",,198564,1598,rv,,rv,,5/8/24 10:56,"",https://d3nkl3psvxxpe9.cloudfront.net/documents/econTabReport_Agwhapd.pdf,"",,,13.0,67.0,20.0
86773,568,YouGov,352,Economist,YouGov,391,YouGov,2.9,-1.1,Online Panel,9.0,,4/28/24,4/30/24,,"",,197962,1755,a,,a,,5/1/24 10:35,"",https://d3nkl3psvxxpe9.cloudfront.net/documents/econtoplines_Jii0w9t.pdf,"",,,14.0,61.0,25.0
86773,568,YouGov,352,Economist,YouGov,391,YouGov,2.9,-1.1,Online Panel,9.0,,4/28/24,4/30/24,,"",,197963,1479,rv,,rv,,5/1/24 10:35,"",https://d3nkl3psvxxpe9.cloudfront.net/documents/econTabReport_0NJUiMQ.pdf,"",,,14.0,67.0,19.0
86745,1797,HarrisX/Harris Poll,763,Harvard CAPS,HarrisX/Harris Poll,133,Harris Insights & Analytics,1.6,-0.1,Online Panel,7.0,,4/24/24,4/25/24,,"",,197604,1961,rv,,rv,,4/29/24 13:33,"",https://harvardharrispoll.com/wp-content/uploads/2024/04/HHP_Apr2024_KeyResults.pdf,"",,,32.0,61.0,7.0
86717,568,YouGov,352,Economist,YouGov,391,YouGov,2.9,-1.1,Online Panel,9.0,,4/21/24,4/23/24,,"",,197164,1651,a,,a,,4/24/24 11:05,"",https://d3nkl3psvxxpe9.cloudfront.net/documents/econtoplines_20240422.pd,"",,,12.0,65.0,22.0
86717,568,YouGov,352,Economist,YouGov,391,YouGov,2.9,-1.1,Online Panel,9.0,,4/21/24,4/23/24,,"",,197165,1470,rv,,rv,,4/24/24 11:05,"",https://d3nkl3psvxxpe9.cloudfront.net/documents/econTabReport_20240422.pdf,"",,,13.0,70.0,18.0
86726,320,Monmouth,"","",Monmouth University Polling Institute,215,Monmouth University Polling Institute,2.9,-0.9,Live Phone/Text-to-Web,9.0,,4/18/24,4/22/24,,"",,197287,808,a,,a,,4/24/24 11:37,"",https://www.monmouth.edu/polling-institute/reports/monmouthpoll_us_042424/,"",,,14.0,79.0,7.0
86726,320,Monmouth,"","",Monmouth University Polling Institute,215,Monmouth University Polling Institute,2.9,-0.9,Live Phone/Text-to-Web,9.0,,4/18/24,4/22/24,,"",,197288,746,rv,,rv,,4/24/24 11:37,"",https://www.monmouth.edu/polling-institute/reports/monmouthpoll_us_042424/,"",,,12.0,81.0,7.0
86671,568,YouGov,352,Economist,YouGov,391,YouGov,2.9,-1.1,Online Panel,9.0,,4/14/24,4/16/24,,"",,196643,1574,a,,a,,4/17/24 09:43,"",https://d3nkl3psvxxpe9.cloudfront.net/documents/econtoplines_HUWb9FO.pdf,"",,,12.0,62.0,26.0
86671,568,YouGov,352,Economist,YouGov,391,YouGov,2.9,-1.1,Online Panel,9.0,,4/14/24,4/16/24,,"",,196644,1358,rv,,rv,,4/17/24 09:43,"",https://d3nkl3psvxxpe9.cloudfront.net/documents/econTabReport_HqmM53D.pdf,"",,,14.0,68.0,19.0
86631,568,YouGov,352,Economist,YouGov,391,YouGov,2.9,-1.1,Online Panel,9.0,,4/6/24,4/9/24,,"",,196315,1795,a,,a,,4/10/24 10:08,"",https://d3nkl3psvxxpe9.cloudfront.net/documents/econtoplines_YmA9r9F.pdf,"",,,14.0,63.0,23.0
86631,568,YouGov,352,Economist,YouGov,391,YouGov,2.9,-1.1,Online Panel,9.0,,4/6/24,4/9/24,,"",,196316,1583,rv,,rv,,4/10/24 10:08,"",https://d3nkl3psvxxpe9.cloudfront.net/documents/econTabReport_lMxEeEw.pdf,"",,,14.0,68.0,18.0
86592,568,YouGov,352,Economist,YouGov,391,YouGov,2.9,-1.1,Online Panel,9.0,,3/30/24,4/2/24,,"",,195983,1813,a,,a,,4/3/24 11:58,"",https://d3nkl3psvxxpe9.cloudfront.net/documents/econtoplines_XCNmw8x.pdf,"",,,12.0,67.0,20.0
86592,568,YouGov,352,Economist,YouGov,391,YouGov,2.9,-1.1,Online Panel,9.0,,3/30/24,4/2/24,,"",,195984,1604,rv,,rv,,4/3/24 11:58,"",https://d3nkl3psvxxpe9.cloudfront.net/documents/econTabReport_5VGK6NY.pdf,"",,,13.0,72.0,15.0
86591,1075,Marquette Law School,"","",Marquette University Law School,195,Marquette University Law School,3.0,-1.0,Probability Panel,10.0,,3/18/24,3/28/24,,"",,196153,868,rv,,rv,,4/4/24 09:55,"",https://law.marquette.edu/poll/2024/04/03/detailed-results-of-the-marquette-law-school-supreme-court-poll-march-18-28-2024-2/,"",,,27.0,73.0,0
86591,1075,Marquette Law School,"","",Marquette University Law School,195,Marquette University Law School,3.0,-1.0,Probability Panel,10.0,,3/18/24,3/28/24,,"",,196154,674,lv,,lv,,4/4/24 09:55,"",https://law.marquette.edu/poll/2024/04/03/detailed-results-of-the-marquette-law-school-supreme-court-poll-march-18-28-2024-2/,"",,,25.0,75.0,0
86580,921,Clarity,"","",Clarity Campaign Labs,52,Clarity Campaign Labs,1.6,-0.2,Online Panel,1.0,,3/23/24,3/27/24,,"",,195813,1080,rv,,rv,,4/2/24 22:01,"",https://static1.squarespace.com/static/61ae8d5e55be5c7314b4c83a/t/660c51fc7267d13186cfe71e/1712083453713/%5BALL%5D+Clarity+Omnibus+Overview+-March+2024.pdf,"",,,23.0,61.0,17.0
86558,568,YouGov,352,Economist,YouGov,391,YouGov,2.9,-1.1,Online Panel,9.0,,3/24/24,3/26/24,,"",,195434,1594,a,,a,,3/27/24 12:16,"",https://d3nkl3psvxxpe9.cloudfront.net/documents/econtoplines_OIu7o2C.pdf,"",,,10.0,65.0,25.0
86558,568,YouGov,352,Economist,YouGov,391,YouGov,2.9,-1.1,Online Panel,9.0,,3/24/24,3/26/24,,"",,195435,1415,rv,,rv,,3/27/24 12:16,"",https://d3nkl3psvxxpe9.cloudfront.net/documents/econTabReport_mTlzQOB.pdf,"",,,11.0,70.0,19.0
86527,1797,HarrisX/Harris Poll,763,Harvard CAPS,HarrisX/Harris Poll,133,Harris Insights & Analytics,1.6,-0.1,Online Panel,7.0,,3/20/24,3/21/24,,"",,195363,2271,rv,,rv,,3/26/24 12:59,"",https://harvardharrispoll.com/wp-content/uploads/2024/03/HHP_March2024_Topline.pdf,"",,,33.0,60.0,6.0
86498,568,YouGov,352,Economist,YouGov,391,YouGov,2.9,-1.1,Online Panel,9.0,,3/16/24,3/19/24,,"",,194819,1682,a,,a,,3/20/24 11:22,"",https://d3nkl3psvxxpe9.cloudfront.net/documents/econtoplines_pFmhP6O.pdf,"",,,13.0,64.0,23.0
86498,568,YouGov,352,Economist,YouGov,391,YouGov,2.9,-1.1,Online Panel,9.0,,3/16/24,3/19/24,,"",,194820,1510,rv,,rv,,3/20/24 11:22,"",https://d3nkl3psvxxpe9.cloudfront.net/documents/econTabReport_dyZbfXi.pdf,"",,,13.0,68.0,19.0
86463,568,YouGov,352,Economist,YouGov,391,YouGov,2.9,-1.1,Online Panel,9.0,,3/10/24,3/12/24,,"",,194571,1559,a,,a,,3/13/24 10:39,"",https://d3nkl3psvxxpe9.cloudfront.net/documents/econtoplines_F5x8o9g.pdf,"",,,17.0,60.0,22.0
86463,568,YouGov,352,Economist,YouGov,391,YouGov,2.9,-1.1,Online Panel,9.0,,3/10/24,3/12/24,,"",,194572,1367,rv,,rv,,3/13/24 10:39,"",https://d3nkl3psvxxpe9.cloudfront.net/documents/econTabReport_Ba6mR1n.pdf,"",,,18.0,65.0,18.0
86297,568,YouGov,352,Economist,YouGov,391,YouGov,2.9,-1.1,Online Panel,9.0,,3/3/24,3/5/24,,"",,194160,1556,a,,a,,3/6/24 11:04,"",https://d3nkl3psvxxpe9.cloudfront.net/documents/econtoplines_9OpjhGt.pdf,"",,,15.0,60.0,25.0
86297,568,YouGov,352,Economist,YouGov,391,YouGov,2.9,-1.1,Online Panel,9.0,,3/3/24,3/5/24,,"",,194161,1450,rv,,rv,,3/6/24 11:04,"",https://d3nkl3psvxxpe9.cloudfront.net/documents/econTabReport_nmFBeqb.pdf,"",,,15.0,65.0,19.0
86256,1597,Beacon/Shaw,149,FOX News,Beacon Research/Shaw & Company Research,103,Beacon Research/Shaw & Co. Research,2.8,-1.1,Live Phone/Text-to-Web,6.0,,2/25/24,2/28/24,,"",,194012,1262,rv,,rv,,3/3/24 13:34,"",https://www.foxnews.com/official-polls/fox-news-poll-trump-hedge-biden-potential-2024-rematch,"",false,,19.0,78.0,2.0
86215,568,YouGov,352,Economist,YouGov,391,YouGov,2.9,-1.1,Online Panel,9.0,,2/25/24,2/27/24,,"",,193707,1688,a,,a,,2/28/24 09:58,"",https://d3nkl3psvxxpe9.cloudfront.net/documents/econtoplines_XFw0j7s.pdf,"",,,16.0,59.0,26.0
86215,568,YouGov,352,Economist,YouGov,391,YouGov,2.9,-1.1,Online Panel,9.0,,2/25/24,2/27/24,,"",,193708,1498,rv,,rv,,2/28/24 09:58,"",https://d3nkl3psvxxpe9.cloudfront.net/documents/econTabReport_hi9l9P2.pdf,"",,,16.0,65.0,19.0
86299,921,Clarity,"","",Clarity Campaign Labs,52,Clarity Campaign Labs,1.6,-0.2,Online Panel,1.0,,2/22/24,2/27/24,,"",,194185,1026,lv,,lv,,3/6/24 14:08,"",https://static1.squarespace.com/static/61ae8d5e55be5c7314b4c83a/t/65e89ab3fee20505c0cb5577/1709742772099/Clarity+Omnibus+Overview+-+February+2024.pdf,"",,,22.0,56.0,22.0
86190,1797,HarrisX/Harris Poll,763,Harvard CAPS,HarrisX/Harris Poll,133,Harris Insights & Analytics,1.6,-0.1,Online Panel,7.0,,2/21/24,2/22/24,,"",,193590,2022,rv,,rv,,2/26/24 13:50,"",https://harvardharrispoll.com/wp-content/uploads/2024/02/HHP_Feb2024_KeyResults.pdf,"",,,34.0,58.0,8.0
86180,1697,Bullfinch,"","",The Bullfinch Group,692,The Bullfinch Group,,,Online Panel,4.0,,2/17/24,2/22/24,,"",,193552,1200,a,,a,,2/24/24 19:00,"",https://www.thebullfinchgroup.com/post/public-release-of-bullfinch-q1-nationwide-survey-2,"",,,28.0,59.0,13.0
86180,1697,Bullfinch,"","",The Bullfinch Group,692,The Bullfinch Group,,,Online Panel,4.0,,2/17/24,2/22/24,,"",,193553,1000,rv,,rv,,2/24/24 19:00,"",https://www.thebullfinchgroup.com/post/public-release-of-bullfinch-q1-nationwide-survey-2,"",,,28.0,61.0,11.0
86145,568,YouGov,352,Economist,YouGov,391,YouGov,2.9,-1.1,Online Panel,9.0,,2/18/24,2/20/24,,"",,193102,1562,a,,a,,2/21/24 10:58,"",https://d3nkl3psvxxpe9.cloudfront.net/documents/econtoplines_J89zQ0v.pdf,"",,,23.0,53.0,24.0
86145,568,YouGov,352,Economist,YouGov,391,YouGov,2.9,-1.1,Online Panel,9.0,,2/18/24,2/20/24,,"",,193103,1360,rv,,rv,,2/21/24 10:58,"",https://d3nkl3psvxxpe9.cloudfront.net/documents/econTabReport_LbK5uKN.pdf,"",,,22.0,59.0,19.0
86173,169,Gallup,"","",Gallup,112,Gallup,2.5,-0.4,Live Phone,10.0,,2/1/24,2/20/24,,"",,193624,1016,a,,a,,2/27/24 09:57,"",https://news.gallup.com/poll/611135/immigration-surges-top-important-problem-list.aspx,"",,,12.0,83.0,5.0
86148,1075,Marquette Law School,"","",Marquette University Law School,195,Marquette University Law School,3.0,-1.0,Probability Panel,10.0,,2/5/24,2/15/24,,"",,193441,787,rv,,rv,,2/22/24 09:45,"",https://law.marquette.edu/poll/2024/02/21/detailed-results-of-the-marquette-law-school-supreme-court-poll-february-5-15-2024-2/,"",,,21.0,79.0,0
86148,1075,Marquette Law School,"","",Marquette University Law School,195,Marquette University Law School,3.0,-1.0,Probability Panel,10.0,,2/5/24,2/15/24,,"",,193442,628,lv,,lv,,2/22/24 09:45,"",https://law.marquette.edu/poll/2024/02/21/detailed-results-of-the-marquette-law-school-supreme-court-poll-february-5-15-2024-2/,"",,,17.0,83.0,0
85938,568,YouGov,352,Economist,YouGov,391,YouGov,2.9,-1.1,Online Panel,9.0,,2/11/24,2/13/24,,"",,192069,1671,a,,a,,2/14/24 10:34,"",https://d3nkl3psvxxpe9.cloudfront.net/documents/econtoplines_CLPOIop.pdf,"",,,20.0,56.0,24.0
85938,568,YouGov,352,Economist,YouGov,391,YouGov,2.9,-1.1,Online Panel,9.0,,2/11/24,2/13/24,,"",,192070,1470,rv,,rv,,2/14/24 10:34,"",https://d3nkl3psvxxpe9.cloudfront.net/documents/econTabReport_bC3K16R.pdf,"",,,21.0,60.0,20.0
86070,320,Monmouth,"","",Monmouth University Polling Institute,215,Monmouth University Polling Institute,2.9,-0.9,Live Phone/Text-to-Web,9.0,,2/8/24,2/12/24,,"",,192859,902,a,,a,,2/20/24 11:59,"",https://www.monmouth.edu/polling-institute/reports/MonmouthPoll_US_022024/,"",,,14.0,79.0,7.0
85859,568,YouGov,352,Economist,YouGov,391,YouGov,2.9,-1.1,Online Panel,9.0,,2/4/24,2/6/24,,"",,191819,1591,a,,a,,2/7/24 10:42,"",https://d3nkl3psvxxpe9.cloudfront.net/documents/econtoplines_PJ4ynwY.pdf,"",,,20.0,57.0,23.0
85859,568,YouGov,352,Economist,YouGov,391,YouGov,2.9,-1.1,Online Panel,9.0,,2/4/24,2/6/24,,"",,191820,1399,rv,,rv,,2/7/24 10:42,"",https://d3nkl3psvxxpe9.cloudfront.net/documents/econTabReport_H1zTWuF.pdf,"",,,21.0,61.0,18.0
85772,568,YouGov,352,Economist,YouGov,391,YouGov,2.9,-1.1,Online Panel,9.0,,1/28/24,1/30/24,,"",,191354,1686,a,,a,,1/31/24 10:59,"",https://d3nkl3psvxxpe9.cloudfront.net/documents/econtoplines_f35zM8U.pdf,"",,,13.0,62.0,24.0
85772,568,YouGov,352,Economist,YouGov,391,YouGov,2.9,-1.1,Online Panel,9.0,,1/28/24,1/30/24,,"",,191355,1486,rv,,rv,,1/31/24 10:59,"",https://d3nkl3psvxxpe9.cloudfront.net/documents/econTabReport_f5kOruS.pdf,"",,,13.0,66.0,21.0
85842,568,YouGov,"278,1233",UMass Amherst | WCVB-TV,YouGov,391,YouGov,2.9,-1.1,Online Panel,9.0,,1/25/24,1/30/24,,"",,191770,1064,a,,a,,2/6/24 09:28,"",https://polsci.umass.edu/state-nation-toplines-crosstabs-feb-6-2024,"",,,26.0,62.0,12.0
85699,568,YouGov,352,Economist,YouGov,391,YouGov,2.9,-1.1,Online Panel,9.0,,1/21/24,1/23/24,,"",,191085,1664,a,,a,,1/24/24 11:12,"",https://d3nkl3psvxxpe9.cloudfront.net/documents/econtoplines_kPUXgWx.pdf,"",,,18.0,60.0,23.0
85699,568,YouGov,352,Economist,YouGov,391,YouGov,2.9,-1.1,Online Panel,9.0,,1/21/24,1/23/24,,"",,191086,1497,rv,,rv,,1/24/24 11:12,"",https://d3nkl3psvxxpe9.cloudfront.net/documents/econTabReport_i9N6Z0N.pdf,"",,,17.0,65.0,17.0
85818,921,Clarity,"","",Clarity Campaign Labs,52,Clarity Campaign Labs,1.6,-0.2,Online Panel,1.0,,1/19/24,1/23/24,,"",,191614,1092,lv,,lv,,2/1/24 15:05,"",https://static1.squarespace.com/static/61ae8d5e55be5c7314b4c83a/t/65bbc99ed92dcc3f3d6c412d/1706805664506/Clarity+Omnibus+Overview+-+January+2024.pdf,"",,,26.0,58.0,17.0
85689,1697,Bullfinch,2072,Independent Center,The Bullfinch Group,692,The Bullfinch Group,,,Online Panel,4.0,,1/19/24,1/22/24,,"",,191022,1002,rv,,rv,,1/23/24 09:31,"",https://independentcenter.org/wp-content/uploads/2024/01/Independent-Center-2024-Nationwide-January-Survey-of-Adults-Toplines_PR.pdf,"",,,29.0,62.0,9.0
85672,1797,HarrisX/Harris Poll,763,Harvard CAPS,HarrisX/Harris Poll,133,Harris Insights & Analytics,1.6,-0.1,Online Panel,7.0,,1/17/24,1/18/24,,"",,190628,2346,rv,,rv,,1/22/24 13:19,"",https://harvardharrispoll.com/wp-content/uploads/2024/01/HHP_Jan24_KeyResults.pdf,"",,,33.0,59.0,9.0
85690,1701,NewsNation/Decision Desk HQ,"","",NewsNation,696,NewsNation,1.6,0.0,Online Panel,3.0,,1/16/24,1/18/24,,"",,191023,1000,rv,,rv,,1/23/24 09:31,"",https://www.newsnationnow.com/polls/2024-election-poll-ddhq/,"",,,24.41,75.59,0
85626,568,YouGov,352,Economist,YouGov,391,YouGov,2.9,-1.1,Online Panel,9.0,,1/14/24,1/16/24,,"",,190394,1660,a,,a,,1/17/24 10:50,"",https://d3nkl3psvxxpe9.cloudfront.net/documents/econtoplines_Jt39PjS.pdf,"",,,16.0,62.0,23.0
85626,568,YouGov,352,Economist,YouGov,391,YouGov,2.9,-1.1,Online Panel,9.0,,1/14/24,1/16/24,,"",,190395,1472,rv,,rv,,1/17/24 10:50,"",https://d3nkl3psvxxpe9.cloudfront.net/documents/econTabReport_HvTrDQB.pdf,"",,,16.0,68.0,15.0
85578,568,YouGov,352,Economist,YouGov,391,YouGov,2.9,-1.1,Online Panel,9.0,,1/7/24,1/9/24,,"",,190173,1593,a,,a,,1/10/24 10:02,"",https://d3nkl3psvxxpe9.cloudfront.net/documents/econtoplines_O5mTWEc.pdf,"",,,19.0,56.0,26.0
85578,568,YouGov,352,Economist,YouGov,391,YouGov,2.9,-1.1,Online Panel,9.0,,1/7/24,1/9/24,,"",,190174,1417,rv,,rv,,1/10/24 10:02,"",https://d3nkl3psvxxpe9.cloudfront.net/documents/econTabReport_wOkNqe4.pdf,"",,,18.0,62.0,20.0
85493,568,YouGov,352,Economist,YouGov,391,YouGov,2.9,-1.1,Online Panel,9.0,,12/31/23,1/2/24,,"",,189619,1521,a,,a,,1/3/24 10:44,"",https://d3nkl3psvxxpe9.cloudfront.net/documents/econtoplines_X9asmDv.pdf,"",,,18.0,58.0,24.0
85493,568,YouGov,352,Economist,YouGov,391,YouGov,2.9,-1.1,Online Panel,9.0,,12/31/23,1/2/24,,"",,189620,1343,rv,,rv,,1/3/24 10:44,"",https://d3nkl3psvxxpe9.cloudfront.net/documents/econTabReport_11nGFKX.pdf,"",,,20.0,62.0,19.0
85453,568,YouGov,352,Economist,YouGov,391,YouGov,2.9,-1.1,Online Panel,9.0,,12/16/23,12/18/23,,"",,189308,1500,a,,a,,12/20/23 09:30,"",https://d3nkl3psvxxpe9.cloudfront.net/documents/econtoplines_FBzrwMv.pdf,"",,,15.0,56.0,29.0
85453,568,YouGov,352,Economist,YouGov,391,YouGov,2.9,-1.1,Online Panel,9.0,,12/16/23,12/18/23,,"",,189309,1336,rv,,rv,,12/20/23 09:30,"",https://d3nkl3psvxxpe9.cloudfront.net/documents/econTabReport_pJolTxJ.pdf,"",,,16.0,62.0,22.0
85408,1797,HarrisX/Harris Poll,763,Harvard CAPS,HarrisX/Harris Poll,133,Harris Insights & Analytics,1.6,-0.1,Online Panel,7.0,,12/13/23,12/14/23,,"",,189021,2034,rv,,rv,,12/15/23 18:39,"",https://harvardharrispoll.com/wp-content/uploads/2023/12/HHP_Dec23_KeyResults.pdf,"",,,35.0,58.0,7.0
85413,1597,Beacon/Shaw,149,FOX News,Beacon Research/Shaw & Company Research,103,Beacon Research/Shaw & Co. Research,2.8,-1.1,Live Phone,6.0,,12/10/23,12/13/23,,"",,189063,1007,rv,,rv,,12/17/23 14:59,"",https://www.foxnews.com/official-polls/fox-news-poll-trumps-lead-gop-primary-widens,"",false,,19.0,77.0,4.0
85335,568,YouGov,352,Economist,YouGov,391,YouGov,2.9,-1.1,Online Panel,9.0,,12/9/23,12/12/23,,"",,188707,1500,a,,a,,12/13/23 09:27,"",https://d3nkl3psvxxpe9.cloudfront.net/documents/econtoplines_O1RjLdq.pdf,"",,,14.0,62.0,25.0
85335,568,YouGov,352,Economist,YouGov,391,YouGov,2.9,-1.1,Online Panel,9.0,,12/9/23,12/12/23,,"",,188708,1332,rv,,rv,,12/13/23 09:27,"",https://d3nkl3psvxxpe9.cloudfront.net/documents/econTabReport_y2MuS3t.pdf,"",,,14.0,69.0,17.0
85409,921,Clarity,"","",Clarity Campaign Labs,52,Clarity Campaign Labs,1.6,-0.2,Online Panel,1.0,,12/7/23,12/10/23,,"",,189040,1052,lv,,lv,,12/16/23 14:54,"",https://static1.squarespace.com/static/61ae8d5e55be5c7314b4c83a/t/657cbfcf5350902a33364e5a/1702674493048/Clarity+Omnibus+Overview+-+December+2023.pdf,"",,,23.0,62.0,16.0
84875,568,YouGov,352,Economist,YouGov,391,YouGov,2.9,-1.1,Online Panel,9.0,,12/2/23,12/5/23,,"",,188004,1500,a,,a,,12/6/23 10:16,"",https://d3nkl3psvxxpe9.cloudfront.net/documents/econtoplines_41LGsxk.pdf,"",,,16.0,59.0,25.0
84875,568,YouGov,352,Economist,YouGov,391,YouGov,2.9,-1.1,Online Panel,9.0,,12/2/23,12/5/23,,"",,188005,1291,rv,,rv,,12/6/23 10:16,"",https://d3nkl3psvxxpe9.cloudfront.net/documents/econTabReport_BOEC4TZ.pdf,"",,,17.0,63.0,20.0
84878,320,Monmouth,"","",Monmouth University Polling Institute,215,Monmouth University Polling Institute,2.9,-0.9,Live Phone/Text-to-Web,9.0,,11/30/23,12/4/23,,"",,189164,803,a,,a,,12/18/23 12:02,"",https://www.monmouth.edu/polling-institute/reports/monmouthpoll_us_121823/,"",,,17.0,77.0,6.0
84878,320,Monmouth,"","",Monmouth University Polling Institute,215,Monmouth University Polling Institute,2.9,-0.9,Live Phone/Text-to-Web,9.0,,11/30/23,12/4/23,,"",,189165,743,rv,,rv,,12/18/23 12:02,"",https://www.monmouth.edu/polling-institute/reports/monmouthpoll_us_121823/,"",,,16.0,78.0,6.0
84832,568,YouGov,352,Economist,YouGov,391,YouGov,2.9,-1.1,Online Panel,9.0,,11/25/23,11/27/23,,"",,187778,1500,a,,a,,11/29/23 09:47,"",https://d3nkl3psvxxpe9.cloudfront.net/documents/econtoplines_hzXyZ87.pdf,"",,,15.0,62.0,23.0
84832,568,YouGov,352,Economist,YouGov,391,YouGov,2.9,-1.1,Online Panel,9.0,,11/25/23,11/27/23,,"",,187779,1323,rv,,rv,,11/29/23 09:47,"",https://d3nkl3psvxxpe9.cloudfront.net/documents/econTabReport_3GgK6Vy.pdf,"",,,14.0,69.0,17.0
84819,568,YouGov,352,Economist,YouGov,391,YouGov,2.9,-1.1,Online Panel,9.0,,11/18/23,11/20/23,,"",,187646,1500,a,,a,,11/22/23 09:02,"",https://d3nkl3psvxxpe9.cloudfront.net/documents/econtoplines_7kHym5K.pdf,"",,,19.0,55.0,25.0
84819,568,YouGov,352,Economist,YouGov,391,YouGov,2.9,-1.1,Online Panel,9.0,,11/18/23,11/20/23,,"",,187647,1323,rv,,rv,,11/22/23 09:02,"",https://d3nkl3psvxxpe9.cloudfront.net/documents/econTabReport_ewAQzcE.pdf,"",,,20.0,61.0,19.0
84715,1797,HarrisX/Harris Poll,763,Harvard CAPS,HarrisX/Harris Poll,133,Harris Insights & Analytics,1.6,-0.1,Online Panel,7.0,,11/15/23,11/16/23,,"",,187442,2851,rv,,rv,,11/20/23 12:02,"",https://harvardharrispoll.com/wp-content/uploads/2023/11/HHP_Nov23_KeyResults.pdf,"",,,34.0,58.0,8.0
85640,568,YouGov,508,George Washington University,YouGov,391,YouGov,2.9,-1.1,Online Panel,9.0,,11/9/23,11/15/23,,"",,190456,1500,a,,a,,1/17/24 15:24,"",https://smpa.gwu.edu/gw-politics-poll-nov-23,"",,,25.5,67.3,7.1
84681,568,YouGov,352,Economist,YouGov,391,YouGov,2.9,-1.1,Online Panel,9.0,,11/11/23,11/14/23,,"",,186250,1500,a,,a,,11/15/23 10:06,"",https://d3nkl3psvxxpe9.cloudfront.net/documents/econtoplines_bKk3Qa1.pdf,"",,,19.0,58.0,24.0
84681,568,YouGov,352,Economist,YouGov,391,YouGov,2.9,-1.1,Online Panel,9.0,,11/11/23,11/14/23,,"",,186251,1272,rv,,rv,,11/15/23 10:06,"",https://d3nkl3psvxxpe9.cloudfront.net/documents/econTabReport_g1diQvj.pdf,"",,,19.0,63.0,17.0
84611,568,YouGov,352,Economist,YouGov,391,YouGov,2.9,-1.1,Online Panel,9.0,,11/5/23,11/7/23,,"",,185161,1500,a,,a,,11/8/23 09:34,"",https://d3nkl3psvxxpe9.cloudfront.net/documents/econtoplines_vaQYxHN.pdf,"",,,16.0,59.0,25.0
84611,568,YouGov,352,Economist,YouGov,391,YouGov,2.9,-1.1,Online Panel,9.0,,11/5/23,11/7/23,,"",,185162,1313,rv,,rv,,11/8/23 09:34,"",https://d3nkl3psvxxpe9.cloudfront.net/documents/econTabReport_Vow57W6.pdf,"",,,18.0,63.0,20.0
84685,1075,Marquette Law School,"","",Marquette University Law School,195,Marquette University Law School,3.0,-1.0,Probability Panel,10.0,,11/2/23,11/7/23,,"",,186452,856,rv,,rv,,11/16/23 08:52,"",https://law.marquette.edu/poll/wp-content/uploads/2023/11/MLSPSC17ToplinesRV.html,"",,,27.0,73.0,0
84685,1075,Marquette Law School,"","",Marquette University Law School,195,Marquette University Law School,3.0,-1.0,Probability Panel,10.0,,11/2/23,11/7/23,,"",,186453,668,lv,,lv,,11/16/23 08:52,"",https://law.marquette.edu/poll/wp-content/uploads/2023/11/MLSPSC17ToplinesLV.html,"",,,23.0,77.0,0
84513,568,YouGov,352,Economist,YouGov,391,YouGov,2.9,-1.1,Online Panel,9.0,,10/28/23,10/31/23,,"",,184344,1500,a,,a,,11/1/23 10:23,"",https://d3nkl3psvxxpe9.cloudfront.net/documents/econtoplines_cIQloVR.pdf,"",,,14.0,62.0,25.0
84513,568,YouGov,352,Economist,YouGov,391,YouGov,2.9,-1.1,Online Panel,9.0,,10/28/23,10/31/23,,"",,184345,1333,rv,,rv,,11/1/23 10:23,"",https://d3nkl3psvxxpe9.cloudfront.net/documents/econTabReport_bpzPgoE.pdf,"",,,14.0,67.0,19.0
84842,921,Clarity,"","",Clarity Campaign Labs,52,Clarity Campaign Labs,1.6,-0.2,Online Panel,1.0,,10/20/23,10/26/23,,"",,187842,1169,lv,,lv,,11/30/23 11:34,"",https://static1.squarespace.com/static/61ae8d5e55be5c7314b4c83a/t/656890f329371d10e8f85801/1701351669514/Clarity+Omnibus+Overview+-+October+2023.pdf,"",,,22.0,63.0,15.0
84487,568,YouGov,352,Economist,YouGov,391,YouGov,2.9,-1.1,Online Panel,9.0,,10/21/23,10/24/23,,"",,184173,1500,a,,a,,10/25/23 10:56,"",https://d3nkl3psvxxpe9.cloudfront.net/documents/econTabReport_WzgzhWp.pdf,"",,,12.0,64.0,23.0
84487,568,YouGov,352,Economist,YouGov,391,YouGov,2.9,-1.1,Online Panel,9.0,,10/21/23,10/24/23,,"",,184174,1296,rv,,rv,,10/25/23 10:56,"",https://d3nkl3psvxxpe9.cloudfront.net/documents/econTabReport_WzgzhWp.pdf,"",,,11.0,72.0,17.0
84495,169,Gallup,"","",Gallup,112,Gallup,2.5,-0.4,Live Phone,10.0,,10/2/23,10/23/23,,"",,184274,1009,a,,a,,10/27/23 09:28,"",https://news.gallup.com/poll/513305/democrats-ratings-biden-slip-overall-approval.aspx,"",,,13.0,84.0,3.0
84481,1832,Let's Preserve the American Dream,"","",Let's Preserve the American Dream,809,Let's Preserve the American Dream,,,Live Phone,2.5,,10/16/23,10/19/23,,"",,184120,1000,lv,,lv,,10/24/23 14:43,"",https://www.lptad.com/_files/ugd/cd4c37_912e6211dec24d428af59860ba8f033b.pdf,"",,REP,8.0,86.0,5.0
84467,1797,HarrisX/Harris Poll,763,Harvard CAPS,HarrisX/Harris Poll,133,Harris Insights & Analytics,1.6,-0.1,Online Panel,7.0,,10/18/23,10/18/23,,"",,183987,2116,rv,,rv,,10/21/23 12:28,"",https://harvardharrispoll.com/wp-content/uploads/2023/10/HHP_Oct23_KeyResults.pdf,"",,,30.0,62.0,7.0
84446,568,YouGov,352,Economist,YouGov,391,YouGov,2.9,-1.1,Online Panel,9.0,,10/14/23,10/17/23,,"",,183788,1500,a,,a,,10/18/23 11:07,"",https://d3nkl3psvxxpe9.cloudfront.net/documents/econtoplines_3WmN9jD.pdf,"",,,16.0,61.0,23.0
84446,568,YouGov,352,Economist,YouGov,391,YouGov,2.9,-1.1,Online Panel,9.0,,10/14/23,10/17/23,,"",,183789,1296,rv,,rv,,10/18/23 11:07,"",https://d3nkl3psvxxpe9.cloudfront.net/documents/econTabReport_uXN5Bmo.pdf,"",,,16.0,67.0,17.0
84440,568,YouGov,1213,Yahoo News,YouGov,391,YouGov,2.9,-1.1,Online Panel,9.0,,10/12/23,10/16/23,,"",,183816,1675,a,,a,,10/18/23 14:20,"",https://news.yahoo.com/house-speaker-chaos-new-poll-shows-americans-increasingly-blame-republicans-for-dysfunction-in-congress-184926836.html,"",,,12.0,65.0,22.0
84373,568,YouGov,352,Economist,YouGov,391,YouGov,2.9,-1.1,Online Panel,,,10/8/23,10/10/23,,"",,183429,1500,a,,a,,10/11/23 10:13,"",https://d3nkl3psvxxpe9.cloudfront.net/documents/econTabReport_8o4rs21.pdf,"",,,15.0,61.0,23.0
84373,568,YouGov,352,Economist,YouGov,391,YouGov,2.9,-1.1,Online Panel,,,10/8/23,10/10/23,,"",,183430,1319,rv,,rv,,10/11/23 10:13,"",https://d3nkl3psvxxpe9.cloudfront.net/documents/econTabReport_8o4rs21.pdf,"",,,15.0,67.0,18.0
84306,568,YouGov,352,Economist,YouGov,391,YouGov,2.9,-1.1,Online Panel,,,9/30/23,10/3/23,,"",,182731,1500,a,,a,,10/4/23 10:26,"",https://d3nkl3psvxxpe9.cloudfront.net/documents/econtoplines_ZHdSXzq.pdf,"",,,14.0,62.0,25.0
84306,568,YouGov,352,Economist,YouGov,391,YouGov,2.9,-1.1,Online Panel,,,9/30/23,10/3/23,,"",,182732,1368,rv,,rv,,10/4/23 10:26,"",https://d3nkl3psvxxpe9.cloudfront.net/documents/econTabReport_ZYxhZlV.pdf,"",,,16.0,65.0,20.0
84250,568,YouGov,352,Economist,YouGov,391,YouGov,2.9,-1.1,Online Panel,,,9/23/23,9/26/23,,"",,182283,1500,a,,a,,9/27/23 09:49,"",https://d3nkl3psvxxpe9.cloudfront.net/documents/econtoplines_RTVZfCv.pdf,"",,,14.0,63.0,24.0
84250,568,YouGov,352,Economist,YouGov,391,YouGov,2.9,-1.1,Online Panel,,,9/23/23,9/26/23,,"",,182284,1293,rv,,rv,,9/27/23 09:49,"",https://d3nkl3psvxxpe9.cloudfront.net/documents/econTabReport_wyX9VrC.pdf,"",,,12.0,70.0,17.0
84293,921,Clarity,"","",Clarity Campaign Labs,52,Clarity Campaign Labs,1.6,-0.2,Online Panel,,,9/20/23,9/25/23,,"",,182678,1062,lv,,lv,,10/2/23 21:11,"",https://static1.squarespace.com/static/61ae8d5e55be5c7314b4c83a/t/651b174c0e30a96b37667612/1696274255301/Clarity+Omnibus+Overview+-+September+2023.pdf,"",,,20.0,65.0,15.0
84308,1075,Marquette Law School,"","",Marquette University Law School,195,Marquette University Law School,3.0,-1.0,Probability Panel,,,9/18/23,9/25/23,,"",,183078,1007,a,,a,,10/5/23 10:02,"",https://law.marquette.edu/poll/wp-content/uploads/2023/10/MLSPSC16Toplines.html,"",,,31.0,69.0,0
84308,1075,Marquette Law School,"","",Marquette University Law School,195,Marquette University Law School,3.0,-1.0,Probability Panel,,,9/18/23,9/25/23,,"",,183079,868,rv,,rv,,10/5/23 10:02,"",https://law.marquette.edu/poll/wp-content/uploads/2023/10/MLSPSC16ToplinesRV.html,"",,,30.0,70.0,0
84308,1075,Marquette Law School,"","",Marquette University Law School,195,Marquette University Law School,3.0,-1.0,Probability Panel,,,9/18/23,9/25/23,,"",,183080,690,lv,,lv,,10/5/23 10:02,"",https://law.marquette.edu/poll/wp-content/uploads/2023/10/MLSPSC16ToplinesLV.html,"",,,29.0,71.0,0
84244,320,Monmouth,"","",Monmouth University Polling Institute,215,Monmouth University Polling Institute,2.9,-0.9,Live Phone/Text-to-Web,,,9/19/23,9/24/23,,"",,182363,814,a,,a,,9/27/23 11:52,"",https://www.monmouth.edu/polling-institute/documents/monmouthpoll_us_092723.pdf,"",,,17.0,74.0,9.0
84244,320,Monmouth,"","",Monmouth University Polling Institute,215,Monmouth University Polling Institute,2.9,-0.9,Live Phone/Text-to-Web,,,9/19/23,9/24/23,,"",,182364,737,rv,,rv,,9/27/23 11:52,"",https://www.monmouth.edu/polling-institute/documents/monmouthpoll_us_092723.pdf,"",,,16.0,75.0,10.0
84248,169,Gallup,"","",Gallup,112,Gallup,2.5,-0.4,Live Phone,,,9/1/23,9/23/23,,"",,182263,1016,a,,a,,9/26/23 19:10,"",https://news.gallup.com/poll/511640/low-job-ratings-congress-biden-persist.aspx,"",,,17.0,82.0,1.0
84192,568,YouGov,352,Economist,YouGov,391,YouGov,2.9,-1.1,Online Panel,,,9/17/23,9/19/23,,"",,181880,1500,a,,a,,9/20/23 11:38,"",https://d3nkl3psvxxpe9.cloudfront.net/documents/econtoplines_Os7FqGN.pdf,"",,,16.0,61.0,24.0
84192,568,YouGov,352,Economist,YouGov,391,YouGov,2.9,-1.1,Online Panel,,,9/17/23,9/19/23,,"",,181881,1303,rv,,rv,,9/20/23 11:38,"",https://d3nkl3psvxxpe9.cloudfront.net/documents/econTabReport_xf4D6qH.pdf,"",,,14.0,66.0,20.0
84165,1797,HarrisX/Harris Poll,763,Harvard CAPS,HarrisX/Harris Poll,133,Harris Insights & Analytics,1.6,-0.1,Online Panel,,,9/13/23,9/14/23,,"",,181628,2103,rv,,rv,,9/15/23 20:41,"",https://harvardharrispoll.com/wp-content/uploads/2023/09/HHP_Sept23_KeyResults.pdf,"",,,32.0,58.0,9.0
84136,568,YouGov,352,Economist,YouGov,391,YouGov,2.9,-1.1,Online Panel,,,9/10/23,9/12/23,,"",,181354,1500,a,,a,,9/13/23 09:54,"",https://docs.cdn.yougov.com/0d5jmcbf98/econtoplines.pdf,"",,,17.0,58.0,26.0
84136,568,YouGov,352,Economist,YouGov,391,YouGov,2.9,-1.1,Online Panel,,,9/10/23,9/12/23,,"",,181355,1334,rv,,rv,,9/13/23 09:54,"",https://docs.cdn.yougov.com/xttgobsv8q/econTabReport.pdf,"",,,15.0,65.0,19.0
84158,1597,Beacon/Shaw,149,FOX News,Beacon Research/Shaw & Company Research,103,Beacon Research/Shaw & Co. Research,2.8,-1.1,Live Phone,,,9/9/23,9/12/23,,"",,181627,1012,rv,,rv,,9/15/23 20:41,"",https://www.foxnews.com/official-polls/fox-news-poll-voters-split-over-biden-impeachment-inquiry,"",false,,19.0,76.0,5.0
84117,568,YouGov,133,CBS News,YouGov,391,YouGov,2.9,-1.1,Online Panel,,,9/5/23,9/8/23,,"",,181294,2335,a,,a,,9/11/23 09:58,"",https://www.cbsnews.com/news/age-president-senator-performance-concerns-outweigh-benefits-of-experience/,"",,,22.0,78.0,0
84095,568,YouGov,352,Economist,YouGov,391,YouGov,2.9,-1.1,Online Panel,,,9/2/23,9/5/23,,"",,181013,1500,a,,a,,9/6/23 12:56,"",https://docs.cdn.yougov.com/8ssfdycdra/econtoplines.pdf,"",,,16.0,60.0,25.0
84095,568,YouGov,352,Economist,YouGov,391,YouGov,2.9,-1.1,Online Panel,,,9/2/23,9/5/23,,"",,181014,1329,rv,,rv,,9/6/23 12:56,"",https://docs.cdn.yougov.com/ze05ewgo9y/econTabReport.pdf,"",,,16.0,63.0,21.0
84039,568,YouGov,352,Economist,YouGov,391,YouGov,2.9,-1.1,Online Panel,,,8/26/23,8/29/23,,"",,180653,1500,a,,a,,8/30/23 10:29,"",https://docs.cdn.yougov.com/aif0ri8ye5/econtoplines.pdf,"",,,15.0,61.0,24.0
84039,568,YouGov,352,Economist,YouGov,391,YouGov,2.9,-1.1,Online Panel,,,8/26/23,8/29/23,,"",,180654,1303,rv,,rv,,8/30/23 10:29,"",https://docs.cdn.yougov.com/eqlqwyoypg/econTabReport.pdf,"",,,16.0,64.0,19.0
83962,568,YouGov,352,Economist,YouGov,391,YouGov,2.9,-1.1,Online Panel,,,8/19/23,8/22/23,,"",,179890,1500,a,,a,,8/23/23 10:37,"",https://docs.cdn.yougov.com/f2l1urt62v/econtoplines.pdf,"",,,18.0,59.0,23.0
83962,568,YouGov,352,Economist,YouGov,391,YouGov,2.9,-1.1,Online Panel,,,8/19/23,8/22/23,,"",,179891,1309,rv,,rv,,8/23/23 10:37,"",https://docs.cdn.yougov.com/qaelwix52p/econTabReport.pdf,"",,,18.0,63.0,18.0
83951,1416,HarrisX,2017,American Free Enterprise Chamber of Commerce,HarrisX,133,Harris Insights & Analytics,1.6,-0.1,,,,8/17/23,8/21/23,,"",,179947,2327,rv,,rv,,8/23/23 12:41,"",https://harrisx.com/2023/08/amfree-presidential-race-2024/,"",,REP,34.0,57.0,9.0
84156,921,Clarity,"","",Clarity Campaign Labs,52,Clarity Campaign Labs,1.6,-0.2,Online Panel,,,8/10/23,8/16/23,,"",,181547,2018,lv,,lv,,9/14/23 13:48,"",https://static1.squarespace.com/static/61ae8d5e55be5c7314b4c83a/t/6503070f173dcb6cc26f9025/1694697234331/Clarity+Omnibus+Overview+-+August+2023.pdf,"",,,25.0,59.0,16.0
83418,568,YouGov,352,Economist,YouGov,391,YouGov,2.9,-1.1,Online Panel,,,8/12/23,8/15/23,,"",,178829,1500,a,,a,,8/16/23 10:08,"",https://docs.cdn.yougov.com/m40l43fusr/econtoplines.pdf,"",,,16.0,58.0,26.0
83418,568,YouGov,352,Economist,YouGov,391,YouGov,2.9,-1.1,Online Panel,,,8/12/23,8/15/23,,"",,178830,1321,rv,,rv,,8/16/23 10:08,"",https://docs.cdn.yougov.com/18ox1hne2s/econTabReport.pdf,"",,,16.0,64.0,20.0
83395,1697,Bullfinch,"","",The Bullfinch Group,692,The Bullfinch Group,,,Online Panel,,,8/5/23,8/10/23,,"",,178750,1200,a,,a,,8/14/23 09:17,"",https://www.thebullfinchgroup.com/post/public-release-of-bullfinch-q3-nationwide-survey-1,"",,,33.0,55.0,12.0
83395,1697,Bullfinch,"","",The Bullfinch Group,692,The Bullfinch Group,,,Online Panel,,,8/5/23,8/10/23,,"",,178751,1000,rv,,rv,,8/14/23 09:17,"",https://www.thebullfinchgroup.com/post/public-release-of-bullfinch-q3-nationwide-survey-1,"",,,34.0,56.0,10.0
83375,568,YouGov,352,Economist,YouGov,391,YouGov,2.9,-1.1,Online Panel,,,8/5/23,8/8/23,,"",,178633,1500,a,,a,,8/9/23 09:55,"",https://docs.cdn.yougov.com/m1aanznso5/econtoplines.pdf,"",,,17.0,57.0,26.0
83375,568,YouGov,352,Economist,YouGov,391,YouGov,2.9,-1.1,Online Panel,,,8/5/23,8/8/23,,"",,178634,1178,rv,,rv,,8/9/23 09:55,"",https://docs.cdn.yougov.com/gr0zwln1rr/econTabReport.pdf,"",,,18.0,59.0,23.0
83331,568,YouGov,352,Economist,YouGov,391,YouGov,2.9,-1.1,Online Panel,,,7/29/23,8/1/23,,"",,178352,1500,a,,a,,8/2/23 10:18,"",https://docs.cdn.yougov.com/m6zgcvnfe7/econtoplines.pdf,"",,,16.0,58.0,26.0
83331,568,YouGov,352,Economist,YouGov,391,YouGov,2.9,-1.1,Online Panel,,,7/29/23,8/1/23,,"",,178353,1324,rv,,rv,,8/2/23 10:18,"",https://docs.cdn.yougov.com/nrdcezwpcn/econTabReport.pdf,"",,,17.0,63.0,21.0
83287,568,YouGov,352,Economist,YouGov,391,YouGov,2.9,-1.1,Online Panel,,,7/22/23,7/25/23,,"",,176108,1500,a,,a,,7/26/23 10:06,"",https://docs.cdn.yougov.com/s3axh7nmif/econtoplines.pdf,"",,,20.0,54.0,25.0
83287,568,YouGov,352,Economist,YouGov,391,YouGov,2.9,-1.1,Online Panel,,,7/22/23,7/25/23,,"",,176109,1306,rv,,rv,,7/26/23 10:06,"",https://docs.cdn.yougov.com/pvpz4fi6ym/econTabReport.pdf,"",,,21.0,57.0,23.0
83260,1797,HarrisX/Harris Poll,763,Harvard CAPS,HarrisX/Harris Poll,133,Harris Insights & Analytics,1.6,-0.1,Online Panel,,,7/19/23,7/20/23,,"",,175915,2068,rv,,rv,,7/23/23 15:29,"",https://harvardharrispoll.com/wp-content/uploads/2023/07/HHP_July2023_KeyResults.pdf,"",,,34.0,56.0,10.0
83233,568,YouGov,352,Economist,YouGov,391,YouGov,2.9,-1.1,Online Panel,,,7/15/23,7/18/23,,"",,175706,1500,a,,a,,7/19/23 09:48,"",https://docs.cdn.yougov.com/ygyh2hpfz0/econtoplines.pdf,"",,,17.0,58.0,25.0
83233,568,YouGov,352,Economist,YouGov,391,YouGov,2.9,-1.1,Online Panel,,,7/15/23,7/18/23,,"",,175707,1315,rv,,rv,,7/19/23 09:48,"",https://docs.cdn.yougov.com/ay6e0ph68l/econTabReport.pdf,"",,,18.0,61.0,22.0
83235,320,Monmouth,"","",Monmouth University Polling Institute,215,Monmouth University Polling Institute,2.9,-0.9,Live Phone,,,7/12/23,7/17/23,,"",,175749,910,a,,a,,7/19/23 11:13,"",https://www.monmouth.edu/polling-institute/reports/monmouthpoll_us_071923/,"",,,22.0,68.0,10.0
83235,320,Monmouth,"","",Monmouth University Polling Institute,215,Monmouth University Polling Institute,2.9,-0.9,Live Phone,,,7/12/23,7/17/23,,"",,175750,840,rv,,rv,,7/19/23 11:13,"",https://www.monmouth.edu/polling-institute/reports/monmouthpoll_us_071923/,"",,,20.0,69.0,11.0
83288,1075,Marquette Law School,"","",Marquette University Law School,195,Marquette University Law School,3.0,-1.0,Probability Panel,,,7/7/23,7/12/23,,"",,176616,1005,a,,a,,7/27/23 09:18,"",https://law.marquette.edu/poll/wp-content/uploads/2023/07/MLSPSC15NationalIssuesPressRelease.pdf,"",,,31.0,68.0,0
83288,1075,Marquette Law School,"","",Marquette University Law School,195,Marquette University Law School,3.0,-1.0,Probability Panel,,,7/7/23,7/12/23,,"",,176617,788,rv,,rv,,7/27/23 09:18,"",https://law.marquette.edu/poll/wp-content/uploads/2023/07/MLSPSC15NationalIssuesPressRelease.pdf,"",,,32.0,68.0,0
83189,568,YouGov,352,Economist,YouGov,391,YouGov,2.9,-1.1,Online Panel,,,7/8/23,7/11/23,,"",,175521,1500,a,,a,,7/12/23 11:15,"",https://docs.cdn.yougov.com/hv5z68z2e8/econtoplines.pdf,"",,,16.0,61.0,23.0
83189,568,YouGov,352,Economist,YouGov,391,YouGov,2.9,-1.1,Online Panel,,,7/8/23,7/11/23,,"",,175522,1296,rv,,rv,,7/12/23 11:15,"",https://docs.cdn.yougov.com/03l1353cs3/econTabReport.pdf,"",,,17.0,64.0,20.0
83143,568,YouGov,352,Economist,YouGov,391,YouGov,2.9,-1.1,Online Panel,,,7/1/23,7/5/23,,"",,175347,1500,a,,a,,7/5/23 16:52,"",https://docs.cdn.yougov.com/kpnwbn3sup/econTabReport.pdf,"",,,16.0,61.0,22.0
83143,568,YouGov,352,Economist,YouGov,391,YouGov,2.9,-1.1,Online Panel,,,7/1/23,7/5/23,,"",,175348,1350,rv,,rv,,7/5/23 16:52,"",https://docs.cdn.yougov.com/kpnwbn3sup/econTabReport.pdf,"",,,17.0,62.0,21.0
84155,921,Clarity,"","",Clarity Campaign Labs,52,Clarity Campaign Labs,1.6,-0.2,Online Panel,,,6/23/23,6/29/23,,"",,181546,1063,lv,,lv,,9/14/23 13:48,"",https://static1.squarespace.com/static/61ae8d5e55be5c7314b4c83a/t/6503069b327c3e71f25343ea/1694697118361/Clarity+Omnibus+Overview+-+June+2023.pdf,"",,,25.0,60.0,15.0
83115,568,YouGov,352,Economist,YouGov,391,YouGov,2.9,-1.1,Online Panel,,,6/24/23,6/27/23,,"",,175105,1500,a,,a,,6/28/23 11:35,"",https://docs.cdn.yougov.com/gbiijqwbnw/econtoplines.pdf,"",,,14.0,60.0,26.0
83115,568,YouGov,352,Economist,YouGov,391,YouGov,2.9,-1.1,Online Panel,,,6/24/23,6/27/23,,"",,175106,1315,rv,,rv,,6/28/23 11:35,"",https://docs.cdn.yougov.com/01qmicwezl/econTabReport.pdf,"",,,15.0,63.0,22.0
83096,169,Gallup,"","",Gallup,112,Gallup,2.5,-0.4,Live Phone,,,6/1/23,6/22/23,,"",,175023,1013,a,,a,,6/26/23 15:02,"",https://news.gallup.com/poll/507863/biden-job-approval-rating-highest-august.aspx,"",,,20.0,76.0,4.0
83048,568,YouGov,352,Economist,YouGov,391,YouGov,2.9,-1.1,Online Panel,,,6/17/23,6/20/23,,"",,174802,1500,a,,a,,6/21/23 10:12,"",https://docs.cdn.yougov.com/it7lilb4fb/econtoplines.pdf,"",,,23.0,55.0,21.0
83048,568,YouGov,352,Economist,YouGov,391,YouGov,2.9,-1.1,Online Panel,,,6/17/23,6/20/23,,"",,174803,1342,rv,,rv,,6/21/23 10:12,"",https://docs.cdn.yougov.com/1ts4uenkci/econTabReport.pdf,"",,,23.0,57.0,19.0
83031,1797,HarrisX/Harris Poll,763,Harvard CAPS,HarrisX/Harris Poll,133,Harris Insights & Analytics,1.6,-0.1,Online Panel,,,6/14/23,6/15/23,,"",,174657,2090,rv,,rv,,6/17/23 11:56,"",https://harvardharrispoll.com/wp-content/uploads/2023/06/HHP_June2023_KeyResults.pdf,"",,,35.0,56.0,9.0
83004,568,YouGov,352,Economist,YouGov,391,YouGov,2.9,-1.1,Online Panel,,,6/10/23,6/13/23,,"",,174387,1500,a,,a,,6/14/23 10:52,"",https://docs.cdn.yougov.com/rx1plz8umr/econtoplines.pdf,"",,,28.0,56.0,25.0
83004,568,YouGov,352,Economist,YouGov,391,YouGov,2.9,-1.1,Online Panel,,,6/10/23,6/13/23,,"",,174388,1303,rv,,rv,,6/14/23 10:52,"",https://docs.cdn.yougov.com/rj3bg6ve06/econTabReport.pdf,"",,,20.0,59.0,21.0
84316,1488,Spry Strategies,"","",Spry Strategies,508,Spry Strategies,1.5,0.2,Online Panel,,,6/6/23,6/9/23,,"",,182809,1250,rv,,rv,,10/4/23 13:29,"",https://www.spryresearch.com/_files/ugd/68c3dc_a08f07ec9b834048a9c82d4fc67936a3.pdf,"",,,21.7,59.4,18.8
83022,568,YouGov,278,UMass Amherst,YouGov,391,YouGov,2.9,-1.1,Online Panel,,,5/31/23,6/8/23,,"",,174573,1133,a,,a,,6/16/23 10:00,"",https://polsci.umass.edu/toplines-and-crosstabs-june-2023-juneteenth-poll-national-politics,"",,,28.0,59.0,13.0
82955,568,YouGov,352,Economist,YouGov,391,YouGov,2.9,-1.1,Online Panel,,,6/3/23,6/6/23,,"",,174143,1500,a,,a,,6/7/23 10:39,"",https://docs.cdn.yougov.com/nujc21mujt/econtoplines.pdf,"",,,17.0,58.0,24.0
82955,568,YouGov,352,Economist,YouGov,391,YouGov,2.9,-1.1,Online Panel,,,6/3/23,6/6/23,,"",,174144,1315,rv,,rv,,6/7/23 10:39,"",https://docs.cdn.yougov.com/r0o0a2nef6/econTabReport.pdf,"",,,18.0,60.0,23.0
82912,568,YouGov,352,Economist,YouGov,391,YouGov,2.9,-1.1,Online Panel,,,5/27/23,5/31/23,,"",,173887,1500,a,,a,,5/31/23 14:24,"",https://docs.cdn.yougov.com/rs54vpy9kc/econtoplines.pdf,"",,,15.0,58.0,28.0
82912,568,YouGov,352,Economist,YouGov,391,YouGov,2.9,-1.1,Online Panel,,,5/27/23,5/31/23,,"",,173888,1313,rv,,rv,,5/31/23 14:25,"",https://docs.cdn.yougov.com/krv45w30fz/econTabReport.pdf,"",,,17.0,60.0,23.0
82896,169,Gallup,"","",Gallup,112,Gallup,2.5,-0.4,Live Phone,,,5/1/23,5/24/23,,"",,173790,1011,a,,a,,5/26/23 14:13,"",https://news.gallup.com/poll/506483/amid-debt-crisis-ratings-biden-congress-low.aspx,"",,,20.0,77.0,3.0
82871,568,YouGov,352,Economist,YouGov,391,YouGov,2.9,-1.1,Online Panel,,,5/20/23,5/23/23,,"",,173475,1500,a,,a,,5/24/23 10:56,"",https://docs.cdn.yougov.com/bdo96fldrz/econtoplines.pdf,"",,,26.0,51.0,23.0
82871,568,YouGov,352,Economist,YouGov,391,YouGov,2.9,-1.1,Online Panel,,,5/20/23,5/23/23,,"",,173476,1318,rv,,rv,,5/24/23 10:56,"",https://docs.cdn.yougov.com/ifywkae5dt/econTabReport.pdf,"",,,27.0,53.0,20.0
82872,320,Monmouth,"","",Monmouth University Polling Institute,215,Monmouth University Polling Institute,2.9,-0.9,Live Phone,,,5/18/23,5/23/23,,"",,173509,981,a,,a,,5/24/23 11:21,"",https://www.monmouth.edu/polling-institute/reports/monmouthpoll_us_052423/,"",,,18.0,72.0,9.0
82872,320,Monmouth,"","",Monmouth University Polling Institute,215,Monmouth University Polling Institute,2.9,-0.9,Live Phone,,,5/18/23,5/23/23,,"",,173510,907,rv,,rv,,5/24/23 11:21,"",https://www.monmouth.edu/polling-institute/reports/monmouthpoll_us_052423/,"",,,18.0,74.0,8.0
82848,1797,HarrisX/Harris Poll,763,Harvard CAPS,HarrisX/Harris Poll,133,Harris Insights & Analytics,1.6,-0.1,Online Panel,,,5/17/23,5/18/23,,"",,173330,2004,rv,,rv,,5/19/23 14:26,"",https://harvardharrispoll.com/wp-content/uploads/2023/05/HHP_May2023_KeyResults.pdf,"",,,36.0,56.0,8.0
82870,1075,Marquette Law School,"","",Marquette University Law School,195,Marquette University Law School,3.0,-1.0,Probability Panel,,,5/8/23,5/18/23,,"",,173662,1010,a,,a,,5/25/23 09:41,"",https://law.marquette.edu/poll/wp-content/uploads/2023/05/MLSPSC14PressRelease_NationalIssues.pdf,"",,,27.0,73.0,0
82870,1075,Marquette Law School,"","",Marquette University Law School,195,Marquette University Law School,3.0,-1.0,Probability Panel,,,5/8/23,5/18/23,,"",,173663,833,rv,,rv,,5/25/23 09:41,"",https://law.marquette.edu/poll/wp-content/uploads/2023/05/MLSPSC14PressRelease_NationalIssues.pdf,"",,,26.0,74.0,0
82845,1697,Bullfinch,"","",The Bullfinch Group,692,The Bullfinch Group,,,Live Phone,,,5/12/23,5/17/23,,"",,173311,1200,a,,a,,5/19/23 09:12,"",https://www.thebullfinchgroup.com/post/public-release-of-bullfinch-q2-nationwide-survey-1,"",,,32.0,55.0,13.0
82845,1697,Bullfinch,"","",The Bullfinch Group,692,The Bullfinch Group,,,Live Phone,,,5/12/23,5/17/23,,"",,173312,1000,rv,,rv,,5/19/23 09:12,"",https://www.thebullfinchgroup.com/post/public-release-of-bullfinch-q2-nationwide-survey-1,"",,,34.0,56.0,9.0
82832,568,YouGov,352,Economist,YouGov,391,YouGov,2.9,-1.1,Online Panel,,,5/13/23,5/16/23,,"",,173267,1500,a,,a,,5/17/23 09:58,"",https://docs.cdn.yougov.com/dkgt9j0k3y/econtoplines.pdf,"",,,27.0,47.0,26.0
82832,568,YouGov,352,Economist,YouGov,391,YouGov,2.9,-1.1,Online Panel,,,5/13/23,5/16/23,,"",,173268,1302,rv,,rv,,5/17/23 09:58,"",https://docs.cdn.yougov.com/1el6dff3an/econTabReport.pdf,"",,,29.0,51.0,22.0
82875,921,Clarity,"","",Clarity Campaign Labs,52,Clarity Campaign Labs,1.6,-0.2,Online Panel,,,5/8/23,5/14/23,,"",,173573,1122,lv,,lv,,5/24/23 16:54,"",https://static1.squarespace.com/static/61ae8d5e55be5c7314b4c83a/t/646e292e79a67c4836927252/1684941104097/Clarity+Omnibus+Overview+-+May+2023.pdf,"",,,23.0,60.0,16.0
82785,568,YouGov,352,Economist,YouGov,391,YouGov,2.9,-1.1,Online Panel,,,5/6/23,5/9/23,,"",,173057,1500,a,,a,,5/10/23 09:47,"",https://docs.cdn.yougov.com/1qdiz6hera/econtoplines.pdf,"",,,27.0,49.0,25.0
82785,568,YouGov,352,Economist,YouGov,391,YouGov,2.9,-1.1,Online Panel,,,5/6/23,5/9/23,,"",,173058,1324,rv,,rv,,5/10/23 09:47,"",https://docs.cdn.yougov.com/nujlm70ly6/econTabReport.pdf,"",,,27.0,50.0,23.0
82727,568,YouGov,352,Economist,YouGov,391,YouGov,2.9,-1.1,Online Panel,,,4/29/23,5/2/23,,"",,172653,1500,a,,a,,5/3/23 09:56,"",https://docs.cdn.yougov.com/cxqrokhwtq/econtoplines.pdf,"",,,22.0,51.0,26.0
82727,568,YouGov,352,Economist,YouGov,391,YouGov,2.9,-1.1,Online Panel,,,4/29/23,5/2/23,,"",,172654,1357,rv,,rv,,5/3/23 09:56,"",https://docs.cdn.yougov.com/qsy7ekuxik/econTabReport.pdf,"",,,23.0,56.0,21.0
82685,568,YouGov,352,Economist,YouGov,391,YouGov,2.9,-1.1,Online Panel,,,4/22/23,4/25/23,,"",,172404,1500,a,,a,,4/26/23 10:28,"",https://docs.cdn.yougov.com/3nj07blz1x/econtoplines.pdf,"",,,26.0,48.0,27.0
82685,568,YouGov,352,Economist,YouGov,391,YouGov,2.9,-1.1,Online Panel,,,4/22/23,4/25/23,,"",,172405,1295,rv,,rv,,4/26/23 10:28,"",https://docs.cdn.yougov.com/wo8h43uvsg/econTabReport.pdf,"",,,27.0,52.0,21.0
82687,1597,Beacon/Shaw,149,FOX News,Beacon Research/Shaw & Company Research,103,Beacon Research/Shaw & Co. Research,2.8,-1.1,Live Phone,,,4/21/23,4/24/23,,"",,172437,1004,rv,,rv,,4/26/23 19:30,"",https://www.foxnews.com/official-polls/fox-news-poll-trump-still-top-2024-republican-preference-desantis-slipping,"",false,,29.0,66.0,5.0
82650,1797,HarrisX/Harris Poll,763,Harvard CAPS,HarrisX/Harris Poll,133,Harris Insights & Analytics,1.6,-0.1,Online Panel,,,4/18/23,4/19/23,,"",,172205,1845,rv,,rv,,4/21/23 09:30,"",https://harvardharrispoll.com/wp-content/uploads/2023/04/HHP_April2023_KeyResults.pdf,"",,,33.0,58.0,9.0
82627,568,YouGov,352,Economist,YouGov,391,YouGov,2.9,-1.1,Online Panel,,,4/15/23,4/18/23,,"",,172030,1500,a,,a,,4/19/23 09:32,"",https://docs.cdn.yougov.com/ksmyjmp5xp/econtoplines.pdf,"",,,25.0,47.0,29.0
82627,568,YouGov,352,Economist,YouGov,391,YouGov,2.9,-1.1,Online Panel,,,4/15/23,4/18/23,,"",,172031,1316,rv,,rv,,4/19/23 09:32,"",https://docs.cdn.yougov.com/6jir2a8rbh/econTabReport.pdf,"",,,26.0,53.0,21.0
82590,568,YouGov,352,Economist,YouGov,391,YouGov,2.9,-1.1,Online Panel,,,4/8/23,4/11/23,,"",,171872,1500,a,,a,,4/12/23 09:35,"",https://docs.cdn.yougov.com/xh3jlkz43s/econtoplines.pdf,"",,,22.0,42.0,28.0
82590,568,YouGov,352,Economist,YouGov,391,YouGov,2.9,-1.1,Online Panel,,,4/8/23,4/11/23,,"",,171873,1322,rv,,rv,,4/12/23 09:35,"",https://docs.cdn.yougov.com/bwbgbyvmsw/econTabReport.pdf,"",,,23.0,52.0,22.0
82653,921,Clarity,"","",Clarity Campaign Labs,52,Clarity Campaign Labs,1.6,-0.2,Online Panel,,,4/5/23,4/10/23,,"",,172214,1214,lv,,lv,,4/21/23 15:54,"",https://static1.squarespace.com/static/61ae8d5e55be5c7314b4c83a/t/643fefe55b617005317c6e68/1681911782464/Clarity+Omnibus+Overview+-+April+2023.pdf,"",,,27.0,56.0,17.0
82534,568,YouGov,352,Economist,YouGov,391,YouGov,2.9,-1.1,Online Panel,,,4/1/23,4/4/23,,"",,171675,1500,a,,a,,4/5/23 09:10,"",https://docs.cdn.yougov.com/7nnmpd3ir7/econtoplines.pdf,"",,,21.0,52.0,26.0
82534,568,YouGov,352,Economist,YouGov,391,YouGov,2.9,-1.1,Online Panel,,,4/1/23,4/4/23,,"",,171676,1319,rv,,rv,,4/5/23 09:10,"",https://docs.cdn.yougov.com/rk7vgq4qfq/econTabReport.pdf,"",,,24.0,56.0,20.0
82469,568,YouGov,352,Economist,YouGov,391,YouGov,2.9,-1.1,Online Panel,,,3/26/23,3/28/23,,"",,171249,1500,a,,a,,3/29/23 09:25,"",https://docs.cdn.yougov.com/6z9bhe8ltv/econtoplines.pdf,"",,,23.0,52.0,25.0
82469,568,YouGov,352,Economist,YouGov,391,YouGov,2.9,-1.1,Online Panel,,,3/26/23,3/28/23,,"",,171250,1310,rv,,rv,,3/29/23 09:25,"",https://docs.cdn.yougov.com/nr7yjreihl/econTabReport.pdf,"",,,24.0,55.0,22.0
82451,1797,HarrisX/Harris Poll,763,Harvard CAPS,HarrisX/Harris Poll,133,Harris Insights & Analytics,1.6,-0.1,Online Panel,,,3/22/23,3/23/23,,"",,171143,2905,rv,,rv,,3/24/23 13:42,"",https://harvardharrispoll.com/wp-content/uploads/2023/03/HHP_March_2023_KeyResults.pdf,"",,,40.0,53.0,7.0
82470,1075,Marquette Law School,"","",Marquette University Law School,195,Marquette University Law School,3.0,-1.0,Probability Panel,,,3/13/23,3/22/23,,"",,171386,1004,a,,a,,3/30/23 09:38,"",https://law.marquette.edu/poll/wp-content/uploads/2023/03/MLSPSC13PressRelease_NationalIssues.pdf,"",,,31.0,69.0,0
82470,1075,Marquette Law School,"","",Marquette University Law School,195,Marquette University Law School,3.0,-1.0,Probability Panel,,,3/13/23,3/22/23,,"",,171387,863,rv,,rv,,3/30/23 09:38,"",https://law.marquette.edu/poll/wp-content/uploads/2023/03/MLSPSC13PressRelease_NationalIssues.pdf,"",,,29.0,71.0,0
82422,568,YouGov,352,Economist,YouGov,391,YouGov,2.9,-1.1,Online Panel,,,3/19/23,3/21/23,,"",,170950,1500,a,,a,,3/22/23 09:24,"",https://docs.cdn.yougov.com/ab9lupqxrn/econtoplines.pdf,"",,,23.0,49.0,28.0
82422,568,YouGov,352,Economist,YouGov,391,YouGov,2.9,-1.1,Online Panel,,,3/19/23,3/21/23,,"",,170951,1341,rv,,rv,,3/22/23 09:24,"",https://docs.cdn.yougov.com/ni3jnt30r2/econTabReport.pdf,"",,,23.0,53.0,23.0
82419,320,Monmouth,"","",Monmouth University Polling Institute,215,Monmouth University Polling Institute,2.9,-0.9,Live Phone,,,3/16/23,3/20/23,,"",,170882,805,a,,a,,3/21/23 14:49,"",https://www.monmouth.edu/polling-institute/reports/MonmouthPoll_US_032123/,"",,,23.0,68.0,10.0
82419,320,Monmouth,"","",Monmouth University Polling Institute,215,Monmouth University Polling Institute,2.9,-0.9,Live Phone,,,3/16/23,3/20/23,,"",,170885,748,rv,,rv,,3/21/23 14:55,"",https://www.monmouth.edu/polling-institute/reports/MonmouthPoll_US_032123/,"",,,21.0,69.0,10.0
82341,568,YouGov,352,Economist,YouGov,391,YouGov,2.9,-1.1,Online Panel,,,3/4/23,3/7/23,,"",,170475,1500,a,,a,,3/8/23 09:47,"",https://docs.cdn.yougov.com/yprcsknawy/econtoplines.pdf,"",,,21.0,51.0,28.0
82341,568,YouGov,352,Economist,YouGov,391,YouGov,2.9,-1.1,Online Panel,,,3/4/23,3/7/23,,"",,170476,1306,rv,,rv,,3/8/23 09:47,"",https://docs.cdn.yougov.com/sa25s832p5/econTabReport.pdf,"",,,20.0,57.0,23.0
82287,568,YouGov,352,Economist,YouGov,391,YouGov,2.9,-1.1,Online Panel,,,2/25/23,2/28/23,,"",,169521,1500,a,,a,,3/1/23 13:39,"",https://docs.cdn.yougov.com/lq10bty4vr/econtoplines.pdf,"",,,19.0,48.0,32.0
82287,568,YouGov,352,Economist,YouGov,391,YouGov,2.9,-1.1,Online Panel,,,2/25/23,2/28/23,,"",,169522,1302,rv,,rv,,3/1/23 13:39,"",https://docs.cdn.yougov.com/ctq2ajcu3n/econTabReport.pdf,"",,,20.0,56.0,25.0
82252,1697,Bullfinch,"","",The Bullfinch Group,692,The Bullfinch Group,,,Live Phone,,,2/17/23,2/22/23,,"",,169251,1201,a,,a,,2/23/23 12:35,"",https://www.thebullfinchgroup.com/post/public-release-of-bullfinch-q1-nationwide-survey-1,"",,,31.0,56.0,13.0
82252,1697,Bullfinch,"","",The Bullfinch Group,692,The Bullfinch Group,,,Live Phone,,,2/17/23,2/22/23,,"",,169252,1001,rv,,rv,,2/23/23 12:35,"",https://www.thebullfinchgroup.com/post/public-release-of-bullfinch-q1-nationwide-survey-1,"",,,32.0,57.0,11.0
82236,568,YouGov,352,Economist,YouGov,391,YouGov,2.9,-1.1,Online Panel,,,2/20/23,2/21/23,,"",,169132,1500,a,,a,,2/22/23 09:48,"",https://docs.cdn.yougov.com/2v3vq7dmv4/econtoplines.pdf,"",,,23.0,50.0,27.0
82236,568,YouGov,352,Economist,YouGov,391,YouGov,2.9,-1.1,Online Panel,,,2/20/23,2/21/23,,"",,169133,1315,rv,,rv,,2/22/23 09:48,"",https://docs.cdn.yougov.com/lt3qbl33wm/econTabReport.pdf,"",,,23.0,56.0,22.0
82654,921,Clarity,"","",Clarity Campaign Labs,52,Clarity Campaign Labs,1.6,-0.2,Online Panel,,,2/14/23,2/20/23,,"",,172215,2002,lv,,lv,,4/21/23 15:54,"",https://static1.squarespace.com/static/61ae8d5e55be5c7314b4c83a/t/6409ec4d2df4700a16ec9b5e/1678371918205/Clarity+Omnibus+Overview+-+February+2023.pdf,"",,,29.0,53.0,18.0
82216,1797,HarrisX/Harris Poll,763,Harvard CAPS,HarrisX/Harris Poll,133,Harris Insights & Analytics,1.6,-0.1,Online Panel,,,2/15/23,2/16/23,,"",,169039,1838,rv,,rv,,2/17/23 13:02,"",https://harvardharrispoll.com/wp-content/uploads/2023/02/HHP_Feb2023_KeyResults.pdf,"",,,36.0,56.0,8.0
82201,568,YouGov,352,Economist,YouGov,391,YouGov,2.9,-1.1,Online Panel,,,2/11/23,2/14/23,,"",,168949,1500,a,,a,,2/15/23 11:42,"",https://docs.cdn.yougov.com/6c9yo78fw1/econtoplines.pdf,"",,,19.0,51.0,31.0
82201,568,YouGov,352,Economist,YouGov,391,YouGov,2.9,-1.1,Online Panel,,,2/11/23,2/14/23,,"",,168950,1319,rv,,rv,,2/15/23 11:42,"",https://docs.cdn.yougov.com/dj0b2hnbf2/econTabReport.pdf,"",,,18.0,56.0,25.0
82126,568,YouGov,352,Economist,YouGov,391,YouGov,2.9,-1.1,Online Panel,,,2/4/23,2/7/23,,"",,168004,1500,a,,a,,2/8/23 09:27,"",https://docs.cdn.yougov.com/gsfav7gghv/econtoplines.pdf,"",,,21.0,47.0,32.0
82126,568,YouGov,352,Economist,YouGov,391,YouGov,2.9,-1.1,Online Panel,,,2/4/23,2/7/23,,"",,168005,1294,rv,,rv,,2/8/23 09:27,"",https://docs.cdn.yougov.com/gg0t2njevs/econTabReport.pdf,"",,,23.0,53.0,24.0
82129,568,YouGov,1213,Yahoo News,YouGov,391,YouGov,2.9,-1.1,Online Panel,,,2/2/23,2/6/23,,"",,168746,1585,a,,a,,2/11/23 19:54,"",https://news.yahoo.com/new-poll-shows-americans-at-odds-over-black-history-222030915.html,"",,,21.0,53.0,25.0
82129,568,YouGov,1213,Yahoo News,YouGov,391,YouGov,2.9,-1.1,Online Panel,,,2/2/23,2/6/23,,"",,168747,1063,rv,,rv,,2/11/23 19:54,"",https://news.yahoo.com/new-poll-shows-americans-at-odds-over-black-history-222030915.html,"",,,22.0,59.0,19.0
82106,568,YouGov,133,CBS News,YouGov,391,YouGov,2.9,-1.1,Online Panel,,,2/1/23,2/4/23,,"",,167946,2030,a,,a,,2/5/23 14:12,"",https://www.cbsnews.com/news/economy-views-improve-debt-ceiling-uncertainty-opinion-poll-2023-02-05/,"",,,30.0,70.0,0
82091,568,YouGov,352,Economist,YouGov,391,YouGov,2.9,-1.1,Online Panel,,,1/29/23,1/31/23,,"",,167854,1500,a,,a,,2/1/23 10:12,"",https://docs.cdn.yougov.com/hakymqbmww/econtoplines.pdf,"",,,17.0,51.0,32.0
82091,568,YouGov,352,Economist,YouGov,391,YouGov,2.9,-1.1,Online Panel,,,1/29/23,1/31/23,,"",,167855,1319,rv,,rv,,2/1/23 10:12,"",https://docs.cdn.yougov.com/sqkyqhgbfz/econTabReport.pdf,"",,,18.0,57.0,26.0
82093,320,Monmouth,"","",Monmouth University Polling Institute,215,Monmouth University Polling Institute,2.9,-0.9,Live Phone,,,1/26/23,1/30/23,,"",,167874,805,a,,a,,2/1/23 11:50,"",https://www.monmouth.edu/polling-institute/reports/monmouthpoll_us_020123/,"",,,19.0,67.0,14.0
82093,320,Monmouth,"","",Monmouth University Polling Institute,215,Monmouth University Polling Institute,2.9,-0.9,Live Phone,,,1/26/23,1/30/23,,"",,167875,757,rv,,rv,,2/1/23 11:50,"",https://www.monmouth.edu/polling-institute/reports/monmouthpoll_us_020123/,"",,,19.0,69.0,12.0
82097,1360,AP-NORC,"","",AP-NORC,397,AP-NORC,1.9,0.2,Live Phone/Probability Panel,,,1/26/23,1/30/23,,"",,168871,1068,a,,a,,2/14/23 09:22,"",https://apnorc.org/projects/the-future-for-the-republican-and-democratic-parties/,"",,,19.0,79.0,3.0
82044,568,YouGov,352,Economist,YouGov,391,YouGov,2.9,-1.1,Online Panel,,,1/21/23,1/24/23,,"",,167511,1500,a,,a,,1/25/23 09:32,"",https://docs.cdn.yougov.com/wl1juxd6zw/econtoplines.pdf,"",,,17.0,52.0,31.0
82044,568,YouGov,352,Economist,YouGov,391,YouGov,2.9,-1.1,Online Panel,,,1/21/23,1/24/23,,"",,167512,1330,rv,,rv,,1/25/23 09:32,"",https://docs.cdn.yougov.com/b0nx6h2f1n/econTabReport.pdf,"",,,19.0,58.0,24.0
82050,169,Gallup,"","",Gallup,112,Gallup,2.5,-0.4,Live Phone,,,1/2/23,1/22/23,,"",,167791,1011,a,,a,,1/31/23 13:23,"",https://news.gallup.com/poll/468983/cite-gov-top-problem-inflation-ranks-second.aspx,"",,,21.0,75.0,5.0
82046,1075,Marquette Law School,"","",Marquette University Law School,195,Marquette University Law School,3.0,-1.0,Probability Panel,,,1/9/23,1/20/23,,"",,167598,1000,a,,a,,1/26/23 09:54,"",https://law.marquette.edu/poll/wp-content/uploads/2023/01/MLSPSC12PressRelease_NationalIssues.pdf,"",,,32.0,68.0,0
82046,1075,Marquette Law School,"","",Marquette University Law School,195,Marquette University Law School,3.0,-1.0,Probability Panel,,,1/9/23,1/20/23,,"",,167599,790,rv,,rv,,1/26/23 09:54,"",https://law.marquette.edu/poll/wp-content/uploads/2023/01/MLSPSC12PressRelease_NationalIssues.pdf,"",,,31.0,69.0,0
82015,1797,HarrisX/Harris Poll,763,Harvard CAPS,HarrisX/Harris Poll,133,Harris Insights & Analytics,1.6,-0.1,Online Panel,,,1/18/23,1/19/23,,"",,167329,2050,rv,,rv,,1/20/23 18:00,"",https://harvardharrispoll.com/wp-content/uploads/2023/01/HHP_Jan2023_KeyResults.pdf,"",,,34.0,57.0,8.0
81997,568,YouGov,352,Economist,YouGov,391,YouGov,2.9,-1.1,Online Panel,,,1/14/23,1/17/23,,"",,167181,1500,a,,a,,1/18/23 11:46,"",https://docs.cdn.yougov.com/lcaevasr2o/econtoplines.pdf,"",,,24.0,46.0,30.0
81997,568,YouGov,352,Economist,YouGov,391,YouGov,2.9,-1.1,Online Panel,,,1/14/23,1/17/23,,"",,167182,1314,rv,,rv,,1/18/23 11:46,"",https://docs.cdn.yougov.com/52ob991rpr/econTabReport.pdf,"",,,25.0,51.0,23.0
82001,568,YouGov,1213,Yahoo News,YouGov,391,YouGov,2.9,-1.1,Online Panel,,,1/12/23,1/16/23,,"",,167293,1538,a,,a,,1/20/23 09:36,"",https://www.scribd.com/document/620785183/20230117-yahoo-tabs#,"",,,18.0,55.0,26.0
82001,568,YouGov,1213,Yahoo News,YouGov,391,YouGov,2.9,-1.1,Online Panel,,,1/12/23,1/16/23,,"",,167294,1029,rv,,rv,,1/20/23 09:36,"",https://www.scribd.com/document/620785183/20230117-yahoo-tabs#,"",,,18.0,62.0,20.0
81966,568,YouGov,352,Economist,YouGov,391,YouGov,2.9,-1.1,Online Panel,,,1/8/23,1/10/23,,"",,167062,1500,a,,a,,1/11/23 10:30,"",https://docs.cdn.yougov.com/uo5683gvco/econtoplines.pdf,"",,,19.0,50.0,31.0
81966,568,YouGov,352,Economist,YouGov,391,YouGov,2.9,-1.1,Online Panel,,,1/8/23,1/10/23,,"",,167063,1356,rv,,rv,,1/11/23 10:30,"",https://docs.cdn.yougov.com/6ig3yyjvb9/econTabReport.pdf,"",,,21.0,54.0,24.0
81978,568,YouGov,278,UMass Amherst,YouGov,391,YouGov,2.9,-1.1,Online Panel,,,1/5/23,1/9/23,,"",,167129,1000,a,,a,,1/17/23 13:53,"",https://polsci.umass.edu/toplines-and-crosstabs-jan-2023-biden-performance-2024-democrat-primaries-abortion-and-gun-control,"",,,28.0,58.0,15.0
81923,568,YouGov,352,Economist,YouGov,391,YouGov,2.9,-1.1,Online Panel,,,12/31/22,1/3/23,,"",,166919,1500,a,,a,,1/4/23 11:49,"",https://docs.cdn.yougov.com/ojnkvlmfiq/econtoplines.pdf,"",,,21.0,48.0,32.0
81923,568,YouGov,352,Economist,YouGov,391,YouGov,2.9,-1.1,Online Panel,,,12/31/22,1/3/23,,"",,166920,1301,rv,,rv,,1/4/23 11:49,"",https://docs.cdn.yougov.com/0g9mwkpaky/econTabReport.pdf,"",,,23.0,51.0,25.0
81873,568,YouGov,352,Economist,YouGov,391,YouGov,2.9,-1.1,Online Panel,,,12/17/22,12/20/22,,"",,166596,1500,a,,a,,12/21/22 09:26,"",https://docs.cdn.yougov.com/c5o6xiw8t9/econtoplines.pdf,"",,,24.0,48.0,28.0
81873,568,YouGov,352,Economist,YouGov,391,YouGov,2.9,-1.1,Online Panel,,,12/17/22,12/20/22,,"",,166597,1321,rv,,rv,,12/21/22 09:26,"",https://docs.cdn.yougov.com/by8wjw1hur/econTabReport.pdf,"",,,25.0,54.0,21.0
81853,1797,HarrisX/Harris Poll,763,Harvard CAPS,HarrisX/Harris Poll,133,Harris Insights & Analytics,1.6,-0.1,Online Panel,,,12/14/22,12/15/22,,"",,166455,1851,rv,,rv,,12/16/22 18:27,"",https://harvardharrispoll.com/wp-content/uploads/2022/12/HHP_Dec2022_KeyResults.pdf,"",,,35.0,56.0,9.0
81826,568,YouGov,352,Economist,YouGov,391,YouGov,2.9,-1.1,Online Panel,,,12/10/22,12/13/22,,"",,166280,1500,a,,a,,12/14/22 10:37,"",https://docs.cdn.yougov.com/b94ttrxy3v/econtoplines.pdf,"",,,22.0,47.0,32.0
81826,568,YouGov,352,Economist,YouGov,391,YouGov,2.9,-1.1,Online Panel,,,12/10/22,12/13/22,,"",,166281,1338,rv,,rv,,12/14/22 10:37,"",https://docs.cdn.yougov.com/urts2xadfd/econTabReport.pdf,"",,,23.0,54.0,23.0
81832,1597,Beacon/Shaw,149,FOX News,Beacon Research/Shaw & Company Research,103,Beacon Research/Shaw & Co. Research,2.8,-1.1,Live Phone,,,12/9/22,12/12/22,,"",,166370,1005,rv,,rv,,12/14/22 18:41,"",https://www.foxnews.com/official-polls/fox-news-poll-americans-down-economy-hopeful-country,"",false,,27.0,67.0,6.0
81829,320,Monmouth,"","",Monmouth University Polling Institute,215,Monmouth University Polling Institute,2.9,-0.9,Live Phone,,,12/8/22,12/12/22,,"",,166310,805,a,,a,,12/14/22 11:08,"",https://www.monmouth.edu/polling-institute/reports/MonmouthPoll_US_121422/,"",,,26.0,62.0,12.0
81829,320,Monmouth,"","",Monmouth University Polling Institute,215,Monmouth University Polling Institute,2.9,-0.9,Live Phone,,,12/8/22,12/12/22,,"",,166311,739,rv,,rv,,12/14/22 11:08,"",https://www.monmouth.edu/polling-institute/reports/MonmouthPoll_US_121422/,"",,,28.0,62.0,10.0
81769,568,YouGov,352,Economist,YouGov,391,YouGov,2.9,-1.1,Online Panel,,,12/3/22,12/6/22,,"",,166029,1500,a,,a,,12/7/22 10:43,"",https://docs.cdn.yougov.com/dshfq4wqyr/econtoplines.pdf,"",,,20.0,52.0,28.0
81769,568,YouGov,352,Economist,YouGov,391,YouGov,2.9,-1.1,Online Panel,,,12/3/22,12/6/22,,"",,166030,1332,rv,,rv,,12/7/22 10:43,"",https://docs.cdn.yougov.com/qsanp37uhh/econTabReport.pdf,"",,,20.0,59.0,20.0
81794,169,Gallup,"","",Gallup,112,Gallup,2.5,-0.4,Live Phone,,,11/9/22,12/2/22,,"",,166140,1020,a,,a,,12/8/22 09:32,"",https://news.gallup.com/poll/406421/biden-congress-job-ratings-unchanged-midterm-elections.aspx,"",,,22.0,73.0,0
81724,568,YouGov,352,Economist,YouGov,391,YouGov,2.9,-1.1,Online Panel,,,11/26/22,11/29/22,,"",,165823,1500,a,,a,,11/30/22 09:25,"",https://docs.cdn.yougov.com/2zebcvjoec/econtoplines.pdf,"",,,20.0,49.0,32.0
81724,568,YouGov,352,Economist,YouGov,391,YouGov,2.9,-1.1,Online Panel,,,11/26/22,11/29/22,,"",,165824,1319,rv,,rv,,11/30/22 09:25,"",https://docs.cdn.yougov.com/3jonl2kylh/econTabReport.pdf,"",,,23.0,56.0,21.0
81706,568,YouGov,352,Economist,YouGov,391,YouGov,2.9,-1.1,Online Panel,,,11/19/22,11/22/22,,"",,165760,1500,a,,a,,11/23/22 08:52,"",https://docs.cdn.yougov.com/5wsputvmjl/econtoplines.pdf,"",,,22.0,46.0,33.0
81706,568,YouGov,352,Economist,YouGov,391,YouGov,2.9,-1.1,Online Panel,,,11/19/22,11/22/22,,"",,165761,1296,rv,,rv,,11/23/22 08:52,"",https://docs.cdn.yougov.com/h45mt3xoby/econTabReport.pdf,"",,,22.0,53.0,25.0
81704,1697,Bullfinch,"","",The Bullfinch Group,692,The Bullfinch Group,,,Online Panel,,,11/18/22,11/22/22,,"",,165707,1200,a,,a,,11/22/22 18:01,"",https://www.thebullfinchgroup.com/post/public-release-of-bullfinch-q4-nationwide-survey-1,"",,,36.0,54.0,10.0
81704,1697,Bullfinch,"","",The Bullfinch Group,692,The Bullfinch Group,,,Online Panel,,,11/18/22,11/22/22,,"",,165708,1000,rv,,rv,,11/22/22 18:01,"",https://www.thebullfinchgroup.com/post/public-release-of-bullfinch-q4-nationwide-survey-1,"",,,37.0,56.0,7.0
81725,1075,Marquette Law School,"","",Marquette University Law School,195,Marquette University Law School,3.0,-1.0,Probability Panel,,,11/15/22,11/22/22,,"",,165878,1004,a,,a,,12/1/22 09:35,"",https://law.marquette.edu/poll/wp-content/uploads/2022/12/MLSPSC11PressRelease_NationalIssues.pdf,"",,,32.0,67.0,0
81725,1075,Marquette Law School,"","",Marquette University Law School,195,Marquette University Law School,3.0,-1.0,Probability Panel,,,11/15/22,11/22/22,,"",,165879,840,rv,,rv,,12/1/22 09:35,"",https://law.marquette.edu/poll/wp-content/uploads/2022/12/MLSPSC11PressRelease_NationalIssues.pdf,"",,,33.0,67.0,0
81690,1797,HarrisX/Harris Poll,763,Harvard CAPS,HarrisX/Harris Poll,133,Harris Insights & Analytics,1.6,-0.1,Online Panel,,,11/16/22,11/17/22,,"",,165574,2212,rv,,rv,,11/18/22 16:17,"",https://harvardharrispoll.com/wp-content/uploads/2022/11/HHP_Nov2022_KeyResults.pdf,"",,,36.0,56.0,9.0
81670,568,YouGov,352,Economist,YouGov,391,YouGov,2.9,-1.1,Online Panel,,,11/13/22,11/15/22,,"",,165489,1500,a,,a,,11/16/22 11:46,"",https://docs.cdn.yougov.com/l4uezifj5w/econtoplines.pdf,"",,,21.0,52.0,28.0
81670,568,YouGov,352,Economist,YouGov,391,YouGov,2.9,-1.1,Online Panel,,,11/13/22,11/15/22,,"",,165490,1287,rv,,rv,,11/16/22 11:46,"",https://docs.cdn.yougov.com/gebmjsbpbw/econTabReport.pdf,"",,,21.0,59.0,20.0
